id,outcome_category,field,A_value,B_value,final_value,basis,note
PMID:11843213,acne,n_total,3305 usable (4000 sent),3305 usable (3394 responded of 4000),"3305 analysed (3394 responded; 4000 sent); flare item among women with acne (41%, approx. 1355)",source abstract (records.jsonl),"Abstract: questionnaire sent to 4000; 3394 completed; 3305 usable. n analysed = 3305. The 78% premenstrual-flare figure is among ""acne patients"" (41% of 3305, approx. 1355; exact denominator not in abstract)."
PMID:15096370,acne,design,case series,within-subject repeated measures,within-subject repeated measures,abstract + B full text,Authors label it a case series; structurally it is prospective lesion counts in the same women in two phases over two cycles.
PMID:15096370,acne,n_total,not reported,"41 enrolled; 18 did not complete; 48 evaluation points (25 cycle 1, 23 cycle 2)",41 enrolled; 18 did not complete; 25 evaluated in cycle 1 and 23 in cycle 2 (48 cycle evaluations),extractor B full-text notes (.work-B/notes.md); reconciler could not re-open (publisher 403; A copy is a bot-check page),"B read the full text; A had abstract only (A's saved ""PDF"" is a Cloudflare challenge page). B's figures are internally consistent with the abstract: 30/48 evaluations = 63%; inflammatory +25.3% = ""25% increase"". Accepted, flagged as single-extractor."
PMID:15096370,acne,population,"women 18–44 with acne, normal periods, untreated","women 18–44 (mean 31±7.9) with ≥3 inflammatory lesions, untreated, regular menses","women 18–44 (mean 31±7.9) with ≥3 inflammatory lesions, untreated, regular menses",extractor B full-text notes; not re-verified,B read the full text (A abstract only). Kept B; figures consistent with abstract.
PMID:15096370,acne,cycle_phase_method,not stated,self-report dates,self-report dates,extractor B full-text notes; not re-verified,B read the full text (A abstract only). Kept B; figures consistent with abstract.
PMID:15096370,acne,phases_compared,"follicular vs luteal, 2 cycles","late follicular (day 7–12) vs late luteal (day 22–28), 2 cycles","late follicular (day 7–12) vs late luteal (day 22–28), 2 cycles",extractor B full-text notes; not re-verified,B read the full text (A abstract only). Kept B; figures consistent with abstract.
PMID:15096370,acne,main_result,63% showed a 25% premenstrual increase in inflammatory lesion count,"inflammatory lesions 9.5 to 11.9 (+25.3%), P=.02; comedones 9.2 to 11.1 (+21.2%), P=.05; inflammatory increase in 63% (30) of evaluations","inflammatory lesions 9.5 to 11.9 (+25.3%), P=.02; comedones 9.2 to 11.1 (+21.2%), P=.05; inflammatory increase in 63% (30) of evaluations",extractor B full-text notes; not re-verified,B read the full text (A abstract only). Kept B; figures consistent with abstract.
PMID:15096370,acne,risk_of_bias,some concerns: prospective counts but n and phase method not in abstract,some concerns – 18/41 dropouts; no hormone confirmation; OC not mentioned,some concerns: 18/41 dropouts; no hormone confirmation; OC not mentioned,extractor B full-text notes; not re-verified,B read the full text (A abstract only). Kept B; figures consistent with abstract.
PMID:15096370,acne,basis,abstract,full_text,full_text,extractor B full-text notes; not re-verified,B read the full text (A abstract only). Kept B; figures consistent with abstract.
PMID:15096370,acne,notes,Prospective lesion counts; authors label design case series.,Self-described case series; the main quantified premenstrual acne-flare study.,"Authors label design ""case series"". Prospective counts, same women, late follicular vs late luteal. Full-text figures from extractor B only (reconciler could not re-open: 403).",source,
PMID:16258697,other,(whole row),present,absent,row kept (A),source abstract (records.jsonl),"Abstract: ""high UV-B susceptibility between days 20 and 28"". Photosensitivity is not irritant/allergic reactivity, so it gets its own ""other"" row."
PMID:16258697,reactivity,measure,lactic acid sting response,lactic acid sting response; UVB minimal erythemal dose,lactic acid sting response,source abstract (records.jsonl),"UVB MED moved to the ""other"" row."
PMID:16258697,reactivity,main_result,Lactic acid sting response not observed to vary much with the cycle,sting response did not vary much with cycle; high UVB susceptibility days 20–28 (numbers not reported),Lactic acid sting response not observed to vary much with the cycle (numbers not reported),source abstract (records.jsonl),
PMID:16258697,reactivity,direction,no_difference,mixed,no_difference,source abstract (records.jsonl),"Abstract: lactic acid sting ""not observed to vary much with the cycle"". UVB minimal erythemal dose is photosensitivity, not irritant/allergic reactivity; it is coded in its own ""other"" row (A), not mixed into reactivity."
PMID:16258697,reactivity,notes,,Sensory reactivity flat; UV sensitivity higher in luteal phase.,"Sensory (sting) reactivity only; UVB susceptibility is in the ""other"" row.",source abstract (records.jsonl),
PMID:16643133,acne,direction,not_applicable,worse_premenstrual_or_luteal,not_applicable,source abstract (records.jsonl),"Pattern IV is ""breakout of spots related to menstrual cycle"" with no timing (before/during/after). Coding it as premenstrual would add information the source does not give. Counted in the synthesis as ""cycle-linked breakouts, timing not specified""."
PMID:16643133,acne,notes,"Direction: cycle-related, phase not specified.",Classed as acne-type breakouts; exact phase not specified. Premenopausal denominator not stated in abstract.,"Cycle-linked breakouts, timing within the cycle not specified; premenopausal denominator not stated in abstract; counted as cycle-linked worsening (timing unknown) in the synthesis.",source abstract (records.jsonl),
PMID:1679000,acne,body_site,not stated,face,not stated,source,Source does not state site; B inferred face. Rule: code face only when the source says so.
PMID:17034515,other,design,other,cross-sectional survey,other,source abstract (records.jsonl),"Between-person measurement study (pore imaging + Sebumeter), not a questionnaire survey; described by authors as ""prospective, randomized, controlled""."
PMID:17034515,other,measure,facial pore size (dermoscopic image analysis); sebum (Sebumeter),facial pore size (dermoscopic image analysis),facial pore size (dermoscopic image analysis),source abstract (records.jsonl),"Sebum was measured but no phase result is given, so the measure is pore size."
PMID:17333831,acne,body_site,not stated,face,mixed,full text .work-A/emhj.txt,"Full text grades face, chest and upper back."
PMID:19282841,acne,body_site,not stated,face,not stated,source,Source does not state site; B inferred face. Rule: code face only when the source says so.
PMID:19439880,acne,body_site,mixed,face,mixed,full text (both),Face involved in all; back and chest also involved.
PMID:19757697,acne,design,case series,cross-sectional survey,cross-sectional survey,source abstract (records.jsonl),"Clinic series with history-taking; coded like the other clinic history studies (Adityan, Khunger, Meena, Anaba)."
PMID:20629827,acne,n_total,1443 (555 girls with acne),1443,1443 (555 girls with acne answered the flare item),source abstract (records.jsonl),Abstract: 1443 participants overall; the 39.1% flare figure is among the 555 female respondents with acne. For this outcome n analysed = 555.
PMID:20629827,acne,direction,not_applicable,worse_menstrual,worse_menstrual,source abstract (records.jsonl),"""Acne flares in temporal proximity to menstruation"" = perimenstrual. Coded worse_menstrual, the code already used for perimenstrual timing (PMID:24301233, PMID:29148415). Not coded premenstrual because the source does not split before/during."
PMID:20629827,acne,notes,"Direction: perimenstrual, phase not specified.","Timing described as 'proximity to menstruation', not split into before/during.","""worse_menstrual"" here means perimenstrual (flares ""in temporal proximity to menstruation""); before vs during not split.",source abstract (records.jsonl),
PMID:20874438,acne,cycle_phase_method,not stated,self-report dates,not stated,source abstract (records.jsonl),Abstract: symptom questionnaire over one cycle; how premenstrual vs preovulatory phase was defined is not stated.
PMID:22565434,acne,body_site,mixed,face,mixed,full text (A),Face plus other sites reported; flare item not site-specific.
PMID:23991603,acne,body_site,not stated,face,not stated,source,Source does not state site; B inferred face. Rule: code face only when the source says so.
PMID:23991603,acne,basis,full_text,abstract,full_text,full text .work-A/jmat.txt,A read J Med Assoc Thai full text (saved); B had abstract only.
PMID:24301233,colour,design,within-subject repeated measures,case series,within-subject repeated measures,source abstract (records.jsonl),Each of 7 volunteers was treated on 4 cycle days: within-person comparison.
PMID:25161758,acne,body_site,not stated,face,face,full text (B),"Sites reported are all facial (forehead, cheeks, perioral, entire face)."
PMID:2572112,other,main_result,Extensibility time significantly decreased on day 25 vs day 10 in young group; no significant change in older group,"Young: extensibility time 86.4±9.5 (day 10) vs 79.6±10 (day 25), relaxation 109.1±11 vs 102±13, p<0.01; middle-aged: 100.8±14 vs 104±14, 121±12 vs 121±13, not significant","Young: extensibility time 86.4±9.5 (day 10) vs 79.6±10 (day 25), relaxation 109.1±11 vs 102±13, p<0.01; middle-aged: 100.8±14 vs 104±14, 121±12 vs 121±13, not significant",extractor B full text,B's numbers kept; direction agrees with abstract.
PMID:2572112,other,basis,abstract,full_text,full_text,extractor B full-text notes,B read the Acta Derm Venereol PDF; A abstract only. Numbers consistent with the abstract (significant fall in young group only).
PMID:28251894,acne,design,RCT,within-subject repeated measures,within-subject repeated measures,source abstract (records.jsonl),"The acne-by-phase data come from the 2-cycle observational phase (within-person). The half-face RCT compared a product with placebo, both in luteal phase; noted, not the design of this outcome."
PMID:28251894,acne,main_result,"Observational phase: papules 20.2 vs 13.7 (p = 0.0008), closed comedones 25.6 vs 22.7 (p = 0.04) during premenstrual flare; RCT: dermocosmetic vs placebo half-face inflammatory lesions 7.6 vs 9.4 (p = 0.01) in luteal phase",premenstrual flare: papules 20.2 vs 13.7 (p=0.0008); closed comedones 25.6 vs 22.7 (p=0.04),"Observational phase: papules 20.2 vs 13.7 (p = 0.0008), closed comedones 25.6 vs 22.7 (p = 0.04) during premenstrual flare; RCT: dermocosmetic vs placebo half-face inflammatory lesions 7.6 vs 9.4 (p = 0.01) in luteal phase",source abstract (records.jsonl),A's version keeps the RCT numbers as context.
PMID:28251894,acne,notes,Observational 2 cycles + randomised double-blind half-face phase.,"Then RCT half-face: dermocosmetic vs placebo in luteal phase, inflammatory lesions 7.6 vs 9.4 (p=0.01). Not timed vs steady routine.","Observational phase (2 cycles) then half-face double-blind RCT of a dermocosmetic vs placebo during luteal phase (inflammatory lesions 7.6 vs 9.4, p = 0.01). Selected women who declared premenstrual flares. Not a timed-vs-steady-routine comparison (not Q2 evidence).",source abstract (records.jsonl),
PMID:28569570,acne,direction,not_applicable,higher_at_ovulation,not_applicable,source abstract (records.jsonl),"Q1: not coded as a phase effect on skin. The outcome is response to a 50% glycolic peel given in different cycle windows, not skin state by phase; excluded from the Q1 acne synthesis. Q2: the only study of phase-timed skincare, but it compares timings with each other (no steady-routine arm), 10 per group, allocation not described, no between-group test; within-group improvement significant only for days 10-14."
PMID:28569570,acne,notes,"Only phase-timed skincare study (Q2); compares timings, not versus steady routine.",Only phase-timed skincare study; 'higher_at_ovulation' = greatest treatment benefit when peel given days 10–14.,"Q2 study only (not used for Q1). Compares 3 peel-timing groups (days 1-7, 10-14, last 10 days); no steady-routine control; significance is within-group, no between-group test reported. Authors conclude peels at ovulation work best; data do not show timing beats other timings or a steady routine.",source abstract (records.jsonl),
PMID:30904911,colour,(whole row),absent,present,row kept (B),source abstract (records.jsonl),Abstract lists discoloration as measured but gives no result. Row kept (direction not_applicable) so the unreported outcome is visible; A had noted it only in notes.
PMID:30904911,hydration,first_author,Jablonska,Jabłońska,Jabłońska,source,Diacritic.
PMID:30904911,other,first_author,Jablonska,Jabłońska,Jabłońska,source,Diacritic.
PMID:33655630,acne,design,cross-sectional survey,prospective cohort,cross-sectional survey,source abstract (records.jsonl),"Authors say ""prospective, observational"", but the flare figure is one-time history-taking; B's own note says effectively cross-sectional."
PMID:33655630,acne,body_site,not stated,face,face,source abstract (records.jsonl),Abstract: cheek (85%) predominant site.
PMID:34505184,acne,body_site,mixed,face,mixed,source abstract (records.jsonl),"Abstract: facial only in 80.4%, extra-facial in 19.6%."
PMID:35810346,other,(whole row),absent,present,row kept (B),source abstract (records.jsonl),"Abstract: ""Changes were discovered in ... pore volume"". Row kept, consistent with the separate sebum/TEWL/hydration rows; direction not_applicable (no direction or numbers)."
PMID:36606389,acne,body_site,not stated,face,not stated,source,Source does not state site; B inferred face. Rule: code face only when the source says so.
PMID:40583043,barrier_TEWL,notes,"Correction (Skin Res Technol 2025;31:e70274) fixes abstract conclusion: ovulatory phase has lower TEWL, higher hydration.",No change over 7 days in postmenopausal group (p=0.338).,"Mid-luteal, not premenstrual. Erratum PMID:41065348 corrects abstract/main-text conclusion: ovulatory phase has lower TEWL and higher hydration. No change over 7 days in postmenopausal group (p = 0.338).",full text + erratum,
PMID:40583043,hydration,phases_compared,ovulatory vs mid-luteal,ovulatory (within 24 h of urinary LH surge) vs mid-luteal (7 days after ovulation),ovulatory (within 24 h of urinary LH surge) vs mid-luteal (7 days after ovulation),full text,
PMID:40583043,hydration,main_result,Hydration higher ovulatory 40.55 ± 7.80 vs mid-luteal 36.27 ± 7.42 (t = 3.011; p = 0.005),"SH 40.55±7.80 ovulatory vs 36.27±7.42 mid-luteal, p=0.005 (as in text; Table 2 lists 36.27/36.72)",Hydration lower mid-luteal 36.27 ± 7.42 vs ovulatory 40.55 ± 7.80 au (t = 3.011; p = 0.005). Values from text and abstract; original Table 2 (36.27/36.72) was wrong and is covered by the published erratum.,full text + erratum,"Erratum (Skin Res Technol 2025;31:e70274) confirms a swap of two terms in the Conclusions and an error in Table 2; text values are consistent with the corrected conclusion (ovulatory: lower TEWL, higher hydration)."
PMID:40583043,hydration,direction,worse_premenstrual_or_luteal,higher_at_ovulation,worse_premenstrual_or_luteal,full text .work-A/PMC12206585.txt + erratum PMID:41065348 (PMC12509239),"Both codes describe the same data (hydration higher at ovulation = lower mid-luteal). Direction codes record the phase in which skin is in poorer condition, so worse_premenstrual_or_luteal, matching the TEWL row of the same study. Mid-luteal, not premenstrual."
PMID:40583043,hydration,notes,Table 2 originally listed ovulatory SH as 36.27; correction gives 40.55. Self-rated dryness no phase difference.,Text and Table 2 values disagree; direction per text and abstract.,"Mid-luteal (7 days after LH surge), not premenstrual. Erratum PMID:41065348 fixes the Table 2 error and the swapped conclusion wording. Self-rated dryness no phase difference (3.51 vs 3.52, p = 0.962).",full text,
PMID:40878147,sebum,main_result,"Main effects due to skin type; menstrual-phase effect on high-sebum forehead lipids significant by ASCA (p = 0.003); sebum-type lipids (branched FFAs, C15–18 SFAs, MUFAs) peaked at ovulation and declined at early luteal; TGs and long-chain SFAs higher at early luteal",menstrual-phase effect significant in high-sebum forehead data (ASCA p=0.003); sebaceous lipids peaked at ovulation and declined in early luteal phase,"Main effects due to skin type; phase effect only in high-sebum forehead composition (ASCA p = 0.003): sebum-type lipids (branched FFAs, C15–18 SFAs, C16–18 MUFAs) peaked at ovulation and declined in early luteal; TGs and C20–22 SFAs higher in early luteal; cholesterol high from ovulation on",full text,
PMID:40878147,sebum,direction,mixed,higher_at_ovulation,mixed,full text .work-A/PMC12592595.txt,"In the overall 3-factor analysis the significant effects were due to skin type, not phase. A phase effect appears only in high-sebum forehead composition (ASCA p = 0.003): sebum-type lipids peak at ovulation, but TGs and C20-22 SFAs are higher in early luteal and epidermal lipids stay high after ovulation. Not a single ovulation peak."
PMID:42192555,acne,(whole row),absent,present,row kept (B),full text .work-A/PMC13393742.txt,"Full text: menstrual phase 57 grade I / 38 grade II; intermenstrual 58 / 37. Descriptive only, no test; grade >=3 excluded. A genuine within-person phase comparison of acne grade, so kept."
PMID:42192555,acne,cycle_phase_method,,not stated,not stated,full text,"Methods describe sampling ""during both the menstrual and intermenstrual phases"" without saying how phase was determined."
PMID:42192555,microbiome,cycle_phase_method,self-report dates,not stated,not stated,full text,Methods do not describe how phase was determined (presumably self-reported bleeding).
PMID:42192555,microbiome,risk_of_bias,some concerns: no hormone confirmation; contraception not addressed; phases limited to menstrual vs interval,high – no hormone measures; phase definition not stated; HC not stated; low-biomass sampling,some concerns: no hormone confirmation; phase method not described; contraception not addressed; 36/131 not analysed; low-biomass swabs,full text,"Same rules as other within-person objective studies with calendar/unstated phase (Turkderm, Lucky, Agner): some concerns, not high. Null result for regular cycles is not driven by these issues."
PMID:8763424,other,design,cross-sectional survey,case series,case series,source abstract (records.jsonl),"HS clinic series; coded like the other HS series (Harrison, Mortimer)."
DOI:10.4274/turkderm.galenos.2020.35683,hydration,population,"healthy women 21–45 with regular periods, medical faculty staff","healthy hospital-staff women 21–45 (mean 31.45±6.33), regular periods","healthy hospital-staff women 21–45 (mean 31.45±6.33), regular periods",wording only,Same content; clearer/more complete wording kept.
DOI:10.4274/turkderm.galenos.2020.35683,hydration,phases_compared,"early follicular, late follicular, mid-luteal; two cycles","early follicular (day 3±2) vs late follicular (day 12±2) vs mid-luteal (day 20±3), 2 cycles","early follicular (day 3±2) vs late follicular (day 12±2) vs mid-luteal (day 20±3), 2 cycles",wording only,Same content; clearer/more complete wording kept.
DOI:10.4274/turkderm.galenos.2020.35683,hydration,measure,"skin moisture, mean of 5 facial points (MPA-5)","Corneometer (MPA-5), mean of 5 facial points","skin moisture, mean of 5 facial points (MPA-5)",wording only,Same content; clearer/more complete wording kept.
DOI:10.4274/turkderm.galenos.2020.35683,hydration,main_result,No significant difference: cycle 1 median 47.86 / 44.40 / 51.00 (p = 0.066); cycle 2 48.10 / 46.70 / 47.60 (p = 0.911),"Medians: cycle 1 47.86/44.40/51.00, p=0.066; cycle 2 48.10/46.70/47.60, p=0.911",No significant difference: cycle 1 median 47.86 / 44.40 / 51.00 (p = 0.066); cycle 2 48.10 / 46.70 / 47.60 (p = 0.911),wording only,Same content; clearer/more complete wording kept.
DOI:10.4274/turkderm.galenos.2020.35683,hydration,risk_of_bias,some concerns: no hormone confirmation; 2 oral contraceptive users included,some concerns – no hormone confirmation; 2 OC users (3.9%) included,some concerns: no hormone confirmation; 2 oral contraceptive users included,wording only (same RoB level),More complete reason list kept.
DOI:10.4274/turkderm.galenos.2020.35683,hydration,notes,,Cycle 1 near-significant trend not repeated in cycle 2.,Cycle 1 near-significant trend not repeated in cycle 2.,wording only,Same content; clearer/more complete wording kept.
DOI:10.4274/turkderm.galenos.2020.35683,other,population,"healthy women 21–45 with regular periods, medical faculty staff","healthy hospital-staff women 21–45 (mean 31.45±6.33), regular periods","healthy hospital-staff women 21–45 (mean 31.45±6.33), regular periods",wording only,Same content; clearer/more complete wording kept.
DOI:10.4274/turkderm.galenos.2020.35683,other,phases_compared,"early follicular, late follicular, mid-luteal; two cycles","early follicular (day 3±2) vs late follicular (day 12±2) vs mid-luteal (day 20±3), 2 cycles","early follicular (day 3±2) vs late follicular (day 12±2) vs mid-luteal (day 20±3), 2 cycles",wording only,Same content; clearer/more complete wording kept.
DOI:10.4274/turkderm.galenos.2020.35683,other,measure,"skin surface pH, mean of 5 facial points (MPA-5)","skin surface pH (MPA-5), mean of 5 facial points","skin surface pH, mean of 5 facial points (MPA-5)",wording only,Same content; clearer/more complete wording kept.
DOI:10.4274/turkderm.galenos.2020.35683,other,main_result,No significant difference: cycle 1 median 5.36 / 5.48 / 5.49 (p = 0.352); cycle 2 5.51 / 5.53 / 5.54 (p = 0.755),"Medians: cycle 1 5.36/5.48/5.49, p=0.352; cycle 2 5.51/5.53/5.54, p=0.755",No significant difference: cycle 1 median 5.36 / 5.48 / 5.49 (p = 0.352); cycle 2 5.51 / 5.53 / 5.54 (p = 0.755),wording only,Same content; clearer/more complete wording kept.
DOI:10.4274/turkderm.galenos.2020.35683,other,risk_of_bias,some concerns: no hormone confirmation; 2 oral contraceptive users included,some concerns – no hormone confirmation; 2 OC users (3.9%) included,some concerns: no hormone confirmation; 2 oral contraceptive users included,wording only (same RoB level),More complete reason list kept.
DOI:10.4274/turkderm.galenos.2020.35683,other,notes,Outcome: skin pH.,pH outcome.,Outcome: skin pH.,wording only,Same content; clearer/more complete wording kept.
DOI:10.4274/turkderm.galenos.2020.35683,sebum,population,"healthy women 21–45 with regular periods, medical faculty staff","healthy hospital-staff women 21–45 (mean 31.45±6.33), regular periods","healthy hospital-staff women 21–45 (mean 31.45±6.33), regular periods",wording only,Same content; clearer/more complete wording kept.
DOI:10.4274/turkderm.galenos.2020.35683,sebum,phases_compared,"early follicular (day 3±2), late follicular (day 12±2), mid-luteal (day 20±3); two cycles","early follicular (day 3±2) vs late follicular (day 12±2) vs mid-luteal (day 20±3), 2 cycles","early follicular (day 3±2) vs late follicular (day 12±2) vs mid-luteal (day 20±3), 2 cycles",wording only,Same content; clearer/more complete wording kept.
DOI:10.4274/turkderm.galenos.2020.35683,sebum,measure,sebum at glabella (MPA-5),"Sebumeter (MPA-5), glabella","Sebumeter (MPA-5), glabella",wording only,Same content; clearer/more complete wording kept.
DOI:10.4274/turkderm.galenos.2020.35683,sebum,main_result,No significant difference: cycle 1 median 197 / 176 / 194 (p = 0.755); cycle 2 182 / 206 / 208 (p = 0.394),"Medians early/late follicular/mid-luteal: cycle 1 197/176/194, p=0.755; cycle 2 182/206/208, p=0.394 (Friedman)","Medians early/late follicular/mid-luteal: cycle 1 197/176/194, p=0.755; cycle 2 182/206/208, p=0.394 (Friedman)",wording only,Same content; clearer/more complete wording kept.
DOI:10.4274/turkderm.galenos.2020.35683,sebum,risk_of_bias,some concerns: no hormone confirmation; 2 oral contraceptive users (3.9%) included,some concerns – no hormone confirmation; 2 OC users (3.9%) included,some concerns: no hormone confirmation; 2 oral contraceptive users (3.9%) included,wording only (same RoB level),More complete reason list kept.
DOI:10.4274/turkderm.galenos.2020.35683,sebum,notes,Turkish/English article; English text read.,Moderately sized within-subject study over two cycles; no phase differences.,Moderately sized within-subject study over two cycles; no phase differences.,wording only,Same content; clearer/more complete wording kept.
PMID:11712049,acne,country,not reported (authors: USA),USA,not reported (authors: USA),wording only,Same content; clearer/more complete wording kept.
PMID:11712049,acne,population,women 12–52 with acne,female participants 12–52 asked about their acne,female participants 12–52 asked about their acne,wording only,Same content; clearer/more complete wording kept.
PMID:11712049,acne,phases_compared,"worse before, during, after menses, or unrelated (recall)",before vs during vs after menses vs unrelated,"worse before, during, after menses, or unrelated (recall)",wording only,Same content; clearer/more complete wording kept.
PMID:11712049,acne,measure,interview,interview: timing of acne worsening,interview: timing of acne worsening,wording only,Same content; clearer/more complete wording kept.
PMID:11712049,acne,main_result,"177 of 400 (44%) had premenstrual flares; OC use, severity, ethnicity did not affect rate; >33 y higher than 20–33 y (P = .03)","44% (177/400) reported premenstrual flares; OC use, severity, ethnicity did not affect rate; >33y higher than 20–33y (P=.03)","177 of 400 (44%) had premenstrual flares; OC use, severity, ethnicity did not affect rate; >33 y higher than 20–33 y (P = .03)",wording only,Same content; clearer/more complete wording kept.
PMID:11712049,acne,risk_of_bias,high: recall; OC users included,high – self-report recall; OC users included,high: self-report recall; OC users included,wording only (same RoB level),More complete reason list kept.
PMID:11712049,acne,notes,,Most-cited prevalence figure for premenstrual acne flare.,Most-cited prevalence figure for premenstrual acne flare.,wording only,Same content; clearer/more complete wording kept.
PMID:11843213,acne,population,representative sample of women 25–40,"adult women 25–40, general population","adult women 25–40, general population",wording only,Same content; clearer/more complete wording kept.
PMID:11843213,acne,phases_compared,premenstrual flare (recall),premenstrual vs rest of cycle,premenstrual vs rest of cycle,wording only,Same content; clearer/more complete wording kept.
PMID:11843213,acne,measure,self-administered questionnaire,self-administered questionnaire: factors causing acne,self-administered questionnaire: factors causing acne,wording only,Same content; clearer/more complete wording kept.
PMID:11843213,acne,main_result,Premenstrual flare recorded as causing acne in 78% (of acne subjects); acne prevalence 41%,premenstrual flare recorded as causing acne in 78% of acne subjects,Premenstrual flare recorded as causing acne in 78% (of acne subjects); acne prevalence 41%,wording only,Same content; clearer/more complete wording kept.
PMID:11843213,acne,risk_of_bias,high: postal self-report; recall,high – self-report recall; postal survey,high: self-report recall; postal survey,wording only (same RoB level),More complete reason list kept.
PMID:11843213,acne,notes,,"Total acne prevalence 41% (17% acne, 24% 'physiological acne').","Total acne prevalence 41% (17% acne, 24% 'physiological acne').",wording only,Same content; clearer/more complete wording kept.
PMID:12786872,reactivity,population,women with nickel sensitivity,nickel-sensitive women,women with nickel sensitivity,wording only,Same content; clearer/more complete wording kept.
PMID:12786872,reactivity,main_result,Reactions on days 20–24 more severe than days 7–10 but not statistically significant,"reactions more severe on days 20–24 than days 7–10 in both groups, but not statistically significant","reactions more severe on days 20–24 than days 7–10 in both groups, but not statistically significant",wording only,Same content; clearer/more complete wording kept.
PMID:12786872,reactivity,risk_of_bias,some concerns: no hormone confirmation; contraception not stated,some concerns – no hormone confirmation; HC not stated,some concerns: no hormone confirmation; contraception not stated,wording only (same RoB level),More complete reason list kept.
PMID:12786872,reactivity,notes,Allergic reactivity; non-significant trend toward luteal.,Allergic (not irritant) reactivity; non-significant luteal trend.,Allergic (not irritant) reactivity; non-significant luteal trend.,wording only,Same content; clearer/more complete wording kept.
PMID:1493683,barrier_TEWL,country,not reported (authors: USA),USA,not reported (authors: USA),wording only,Same content; clearer/more complete wording kept.
PMID:1493683,barrier_TEWL,phases_compared,max oestrogen vs max progesterone vs min oestrogen/progesterone day,day of maximal oestrogen vs maximal progesterone vs minimal oestrogen/progesterone (just before menses),day of maximal oestrogen vs maximal progesterone vs minimal oestrogen/progesterone (just before menses),wording only,Same content; clearer/more complete wording kept.
PMID:1493683,barrier_TEWL,main_result,"TEWL higher on minimal oestrogen/progesterone (premenstrual) day vs maximal oestrogen day: back p = 0.037, forearm p = 0.021","TEWL higher on day of minimal oestrogen/progesterone vs maximal oestrogen: back p=0.037, forearm p=0.021","TEWL higher on minimal oestrogen/progesterone (premenstrual) day vs maximal oestrogen day: back p = 0.037, forearm p = 0.021",wording only,Same content; clearer/more complete wording kept.
PMID:1493683,barrier_TEWL,risk_of_bias,high: n not in abstract; 'putative' hormone days; non-facial,high – n not reported; 'putative' hormone days; non-facial sites,high: n not reported; 'putative' hormone days; non-facial sites,wording only (same RoB level),More complete reason list kept.
PMID:1493683,barrier_TEWL,notes,,Barrier less complete just before menses than just before ovulation.,Barrier less complete just before menses than just before ovulation.,wording only,Same content; clearer/more complete wording kept.
PMID:1493683,reactivity,country,not reported (authors: USA),USA,not reported (authors: USA),wording only,Same content; clearer/more complete wording kept.
PMID:1493683,reactivity,phases_compared,max oestrogen vs max progesterone vs min oestrogen/progesterone day,day of maximal oestrogen vs maximal progesterone vs minimal oestrogen/progesterone (just before menses),day of maximal oestrogen vs maximal progesterone vs minimal oestrogen/progesterone (just before menses),wording only,Same content; clearer/more complete wording kept.
PMID:1493683,reactivity,measure,"methyl nicotinate vasodilation (initial response, peak, AUC)","methyl nicotinate vasodilation dose-response (IR, PR, AUC)","methyl nicotinate vasodilation (initial response, peak, AUC)",wording only,Same content; clearer/more complete wording kept.
PMID:1493683,reactivity,main_result,No significant differences in any dose-response characteristic across the 3 days,"no significant differences in IR, PR or AUC across the 3 test days",No significant differences in any dose-response characteristic across the 3 days,wording only,Same content; clearer/more complete wording kept.
PMID:1493683,reactivity,risk_of_bias,high: n not in abstract; non-facial,high – n not reported; 'putative' hormone days; non-facial sites,high: n not reported; 'putative' hormone days; non-facial sites,wording only (same RoB level),More complete reason list kept.
PMID:1493683,reactivity,notes,"Baseline blood flow higher at max progesterone (thermoregulation, not extracted).","Baseline blood flow higher on maximal-progesterone day (back p=0.021, forearm p=0.009); thermoregulation, not extracted as outcome.","Baseline blood flow higher on maximal-progesterone day (back p=0.021, forearm p=0.009); thermoregulation, not extracted as outcome.",wording only,Same content; clearer/more complete wording kept.
PMID:15096370,acne,country,not reported (authors: USA),USA,not reported (authors: USA),wording only,Same content; clearer/more complete wording kept.
PMID:15096370,acne,measure,acne lesion counts,facial acne lesion counts,facial acne lesion counts,wording only,Same content; clearer/more complete wording kept.
PMID:16258697,barrier_TEWL,country,not reported (authors: USA),USA,not reported (authors: USA),wording only,Same content; clearer/more complete wording kept.
PMID:16258697,barrier_TEWL,population,"healthy Caucasian women 21–48, 26–29 day cycles",healthy Caucasian women 21–48 with 26–29 day cycles,healthy Caucasian women 21–48 with 26–29 day cycles,wording only,Same content; clearer/more complete wording kept.
PMID:16258697,barrier_TEWL,phases_compared,"weekly over 2–3 months, by cycle day","weekly measurements over 2–3 months, by cycle day","weekly measurements over 2–3 months, by cycle day",wording only,Same content; clearer/more complete wording kept.
PMID:16258697,barrier_TEWL,main_result,Barrier weakest between days 22 and 26,barrier weakest between days 22 and 26 (numbers not reported),barrier weakest between days 22 and 26 (numbers not reported),wording only,Same content; clearer/more complete wording kept.
PMID:16258697,barrier_TEWL,risk_of_bias,"high: n, site and statistics not in abstract; industry (Estée Lauder)",high – n and statistics not reported; industry (Estée Lauder); HC not stated,high: n and statistics not reported; industry (Estée Lauder); HC not stated,wording only (same RoB level),More complete reason list kept.
PMID:16258697,barrier_TEWL,notes,Several studies pooled in one report.,Several small studies pooled in one report.,Several small studies pooled in one report.,wording only,Same content; clearer/more complete wording kept.
PMID:16258697,hydration,country,not reported (authors: USA),USA,not reported (authors: USA),wording only,Same content; clearer/more complete wording kept.
PMID:16258697,hydration,population,"healthy Caucasian women 21–48, 26–29 day cycles",healthy Caucasian women 21–48 with 26–29 day cycles,healthy Caucasian women 21–48 with 26–29 day cycles,wording only,Same content; clearer/more complete wording kept.
PMID:16258697,hydration,phases_compared,"weekly over 2–3 months, by cycle day","weekly measurements over 2–3 months, by cycle day","weekly measurements over 2–3 months, by cycle day",wording only,Same content; clearer/more complete wording kept.
PMID:16258697,hydration,main_result,Skin driest between day 1 and day 6,skin driest between day 1 and day 6 (numbers not reported),skin driest between day 1 and day 6 (numbers not reported),wording only,Same content; clearer/more complete wording kept.
PMID:16258697,hydration,risk_of_bias,"high: n, site and statistics not in abstract",high – n and statistics not reported; industry (Estée Lauder); HC not stated,high: n and statistics not reported; industry (Estée Lauder); HC not stated,wording only (same RoB level),More complete reason list kept.
PMID:16258697,microbiome,country,not reported (authors: USA),USA,not reported (authors: USA),wording only,Same content; clearer/more complete wording kept.
PMID:16258697,microbiome,population,"healthy Caucasian women 21–48, 26–29 day cycles",healthy Caucasian women 21–48 with 26–29 day cycles,healthy Caucasian women 21–48 with 26–29 day cycles,wording only,Same content; clearer/more complete wording kept.
PMID:16258697,microbiome,phases_compared,"weekly over 2–3 months, by cycle day","weekly measurements over 2–3 months, by cycle day","weekly measurements over 2–3 months, by cycle day",wording only,Same content; clearer/more complete wording kept.
PMID:16258697,microbiome,measure,microbial count,skin microflora count,skin microflora count,wording only,Same content; clearer/more complete wording kept.
PMID:16258697,microbiome,main_result,Highest microbial count around days 16–22,highest microbial count around days 16–22 (numbers not reported),highest microbial count around days 16–22 (numbers not reported),wording only,Same content; clearer/more complete wording kept.
PMID:16258697,microbiome,risk_of_bias,"high: n, site and statistics not in abstract",high – n and statistics not reported; industry (Estée Lauder); HC not stated,high: n and statistics not reported; industry (Estée Lauder); HC not stated,wording only (same RoB level),More complete reason list kept.
PMID:16258697,microbiome,notes,"Culture count, not sequencing.",Culture count; not sequencing.,"Culture count, not sequencing.",wording only,Same content; clearer/more complete wording kept.
PMID:16258697,reactivity,country,not reported (authors: USA),USA,not reported (authors: USA),wording only,Same content; clearer/more complete wording kept.
PMID:16258697,reactivity,population,"healthy Caucasian women 21–48, 26–29 day cycles",healthy Caucasian women 21–48 with 26–29 day cycles,healthy Caucasian women 21–48 with 26–29 day cycles,wording only,Same content; clearer/more complete wording kept.
PMID:16258697,reactivity,phases_compared,"weekly over 2–3 months, by cycle day","weekly measurements over 2–3 months, by cycle day","weekly measurements over 2–3 months, by cycle day",wording only,Same content; clearer/more complete wording kept.
PMID:16258697,reactivity,risk_of_bias,"high: n, site and statistics not in abstract",high – n and statistics not reported; industry (Estée Lauder); HC not stated,high: n and statistics not reported; industry (Estée Lauder); HC not stated,wording only (same RoB level),More complete reason list kept.
PMID:16258697,sebum,country,not reported (authors: USA),USA,not reported (authors: USA),wording only,Same content; clearer/more complete wording kept.
PMID:16258697,sebum,population,"healthy Caucasian women 21–48, 26–29 day cycles",healthy Caucasian women 21–48 with 26–29 day cycles,healthy Caucasian women 21–48 with 26–29 day cycles,wording only,Same content; clearer/more complete wording kept.
PMID:16258697,sebum,phases_compared,"weekly over 2–3 months, by cycle day","weekly measurements over 2–3 months, by cycle day","weekly measurements over 2–3 months, by cycle day",wording only,Same content; clearer/more complete wording kept.
PMID:16258697,sebum,main_result,Skin surface lipid secretion appeared highest on days 16–20,lipid secretion appeared highest on days 16–20 (numbers not reported),lipid secretion appeared highest on days 16–20 (numbers not reported),wording only,Same content; clearer/more complete wording kept.
PMID:16258697,sebum,risk_of_bias,"high: n, site and statistics not in abstract",high – n and statistics not reported; industry (Estée Lauder); HC not stated,high: n and statistics not reported; industry (Estée Lauder); HC not stated,wording only (same RoB level),More complete reason list kept.
PMID:16258697,sebum,notes,Days 16–20 = early/mid luteal.,"Peak is early-to-mid luteal, not premenstrual.","Peak is early-to-mid luteal, not premenstrual.",wording only,Same content; clearer/more complete wording kept.
PMID:16643133,acne,n_total,"8522 (5074 women, 3448 men)",5074 women + 3448 men,"8522 (5074 women, 3448 men)",wording only,Same content; clearer/more complete wording kept.
PMID:16643133,acne,population,middle-aged adults in SU.VI.MAX cohort,middle-aged general population (SU.VI.MAX cohort),middle-aged general population (SU.VI.MAX cohort),wording only,Same content; clearer/more complete wording kept.
PMID:16643133,acne,phases_compared,"menstrual-cycle-related breakouts (past year, recall)",menstrual-cycle-related vs not (past year),"menstrual-cycle-related breakouts (past year, recall)",wording only,Same content; clearer/more complete wording kept.
PMID:16643133,acne,measure,"11-item sensitive-skin questionnaire, pattern IV 'breakout of spots' related to menstrual cycle",questionnaire pattern IV: 'breakout of spots' related to menstrual cycle,"11-item sensitive-skin questionnaire, pattern IV 'breakout of spots' related to menstrual cycle",wording only,Same content; clearer/more complete wording kept.
PMID:16643133,acne,main_result,Pattern IV reported by 49% of premenopausal women,pattern IV reported by 49% of premenopausal women,Pattern IV reported by 49% of premenopausal women,wording only,Same content; clearer/more complete wording kept.
PMID:16643133,acne,risk_of_bias,high: recall; phase not specified; middle-aged sample,high – self-report recall; timing within cycle not specified,high: self-report recall; timing within cycle not specified,wording only (same RoB level),More complete reason list kept.
PMID:1679000,acne,country,not reported (authors: USA),USA,not reported (authors: USA),wording only,Same content; clearer/more complete wording kept.
PMID:1679000,acne,population,"acne patients with subclinical dermographism, private practice","private-practice patients with acne and subclinical dermographism, mostly women 20–40","private-practice patients with acne and subclinical dermographism, mostly women 20–40",wording only,Same content; clearer/more complete wording kept.
PMID:1679000,acne,phases_compared,premenstrual flare (history),premenstrual vs rest of cycle,premenstrual vs rest of cycle,wording only,Same content; clearer/more complete wording kept.
PMID:1679000,acne,main_result,The vast majority of women had premenstrual flares (number not reported),'vast majority of women had premenstrual flares' (numbers not reported),The vast majority of women had premenstrual flares (number not reported),wording only,Same content; clearer/more complete wording kept.
PMID:1679000,acne,risk_of_bias,high: selected series; no numbers,high – selected clinic series; self-report; no numbers,high: selected clinic series; self-report; no numbers,wording only (same RoB level),More complete reason list kept.
PMID:1679000,acne,notes,,Special subgroup (acne with dermographism); limited generalisability.,Special subgroup (acne with dermographism); limited generalisability.,wording only,Same content; clearer/more complete wording kept.
PMID:17034515,other,country,not reported (authors: Korea),South Korea,not reported (authors: Korea),wording only,Same content; clearer/more complete wording kept.
PMID:17034515,other,n_total,60 (30 female),60 (30 women),60 (30 female),wording only,Same content; clearer/more complete wording kept.
PMID:17034515,other,population,"volunteers, 30 men and 30 women","volunteers (30 men, 30 women)","volunteers, 30 men and 30 women",wording only,Same content; clearer/more complete wording kept.
PMID:17034515,other,phases_compared,ovulation vs other phases,ovulation phase vs other phases,ovulation phase vs other phases,wording only,Same content; clearer/more complete wording kept.
PMID:17034515,other,main_result,Pore size significantly increased during ovulation phase (P = 0.008),pore size significantly increased during ovulation phase (P=0.008),Pore size significantly increased during ovulation phase (P = 0.008),wording only,Same content; clearer/more complete wording kept.
PMID:17034515,other,risk_of_bias,high: phase method and comparison not stated; 30 women,"high – about 30 women, between-person; phase method not stated","high: about 30 women, between-person; phase method not stated",wording only (same RoB level),More complete reason list kept.
PMID:17034515,other,notes,Described as prospective randomised controlled; sebum-phase result not reported.,"Described as 'prospective, randomized, controlled'. Sebum by phase not reported.",Described as prospective randomised controlled; sebum-phase result not reported.,wording only,Same content; clearer/more complete wording kept.
PMID:17204039,hydration,country,not reported (authors: USA),USA,not reported (authors: USA),wording only,Same content; clearer/more complete wording kept.
PMID:17204039,hydration,n_total,"20 (10 premenopausal, 10 postmenopausal)",10 premenopausal + 10 postmenopausal,"20 (10 premenopausal, 10 postmenopausal)",wording only,Same content; clearer/more complete wording kept.
PMID:17204039,hydration,population,premenopausal and postmenopausal women,healthy premenopausal women (plus postmenopausal comparison),healthy premenopausal women (plus postmenopausal comparison),wording only,Same content; clearer/more complete wording kept.
PMID:17204039,hydration,phases_compared,"days 4, 12, 22",days 4 vs 12 vs 22,days 4 vs 12 vs 22,wording only,Same content; clearer/more complete wording kept.
PMID:17204039,hydration,measure,"local tissue water (tissue dielectric constant), forearm",forearm local tissue water (tissue dielectric constant),"local tissue water (tissue dielectric constant), forearm",wording only,Same content; clearer/more complete wording kept.
PMID:17204039,hydration,main_result,"No significant cycle-dependent variation in tissue water (or blood flow, temperature, arm volume)",no significant cycle-dependent variation in tissue water (numbers not reported in abstract),"No significant cycle-dependent variation in tissue water (or blood flow, temperature, arm volume)",wording only,Same content; clearer/more complete wording kept.
PMID:17204039,hydration,risk_of_bias,high: n=10 cycling; forearm; dermal water not stratum corneum,high – n=10 cycling women; forearm only; HC not stated,high: n=10 cycling; forearm; dermal water not stratum corneum,wording only (same RoB level),More complete reason list kept.
PMID:17204039,hydration,notes,Salivary oestradiol/progesterone confirmed expected pattern.,"Saliva estradiol/progesterone showed expected cycle pattern. Measures deeper tissue water, not stratum corneum hydration. Blood flow outcome not extracted.","Saliva estradiol/progesterone showed expected cycle pattern. Measures deeper tissue water, not stratum corneum hydration. Blood flow outcome not extracted.",wording only,Same content; clearer/more complete wording kept.
PMID:17333831,acne,n_total,166 (83 female),166 (83 women),166 (83 female),wording only,Same content; clearer/more complete wording kept.
PMID:17333831,acne,population,untreated acne patients 13–42 attending dermatology clinics,untreated acne patients 13–42 at dermatology clinics,untreated acne patients 13–42 attending dermatology clinics,wording only,Same content; clearer/more complete wording kept.
PMID:17333831,acne,phases_compared,menstrual cycle effect (recall),premenstrual vs rest of cycle,menstrual cycle effect (recall),wording only,Same content; clearer/more complete wording kept.
PMID:17333831,acne,measure,patient-perceived effect of menstrual cycle on acne,questionnaire: perceived effect of menstrual cycle on acne,questionnaire: perceived effect of menstrual cycle on acne,wording only,Same content; clearer/more complete wording kept.
PMID:17333831,acne,main_result,Premenstrual exacerbation reported by 97.6% of 83 female patients; 2.4% no effect,"menstrual cycle (females n=83): worse 97.6%, no effect 2.4%; 'premenstrual exacerbation of acne was experienced by 97.6%'","menstrual cycle (females n=83): worse 97.6%, no effect 2.4%; 'premenstrual exacerbation of acne was experienced by 97.6%'",wording only,Same content; clearer/more complete wording kept.
PMID:17333831,acne,risk_of_bias,high: recall/beliefs; clinic sample,high – self-report belief; clinic sample,high: self-report belief; clinic sample,wording only (same RoB level),More complete reason list kept.
PMID:17333831,acne,notes,Full text via WHO IRIS.,Very high figure; question measured belief rather than observed flares.,Very high figure; question measured belief rather than observed flares.,wording only,Same content; clearer/more complete wording kept.
PMID:17931445,other,country,not reported (authors: Turkey),Turkey,not reported (authors: Turkey),wording only,Same content; clearer/more complete wording kept.
PMID:17931445,other,population,women 19–40 (menstrual subgroup) within age/sex cerumen study,women 19–40 (within wider age/sex sample),women 19–40 (menstrual subgroup) within age/sex cerumen study,wording only,Same content; clearer/more complete wording kept.
PMID:17931445,other,measure,cerumen lipid composition (HPTLC),cerumen (ear wax) lipid composition by HPTLC,cerumen (ear wax) lipid composition by HPTLC,wording only,Same content; clearer/more complete wording kept.
PMID:17931445,other,main_result,Follicular samples had significantly lower free fatty acids and higher cholesterol and squalene than luteal or menstrual samples,follicular samples had significantly lower free fatty acids and higher cholesterol and squalene vs luteal or menstrual (numbers not reported),follicular samples had significantly lower free fatty acids and higher cholesterol and squalene vs luteal or menstrual (numbers not reported),wording only,Same content; clearer/more complete wording kept.
PMID:17931445,other,risk_of_bias,"high: n not in abstract; ear canal secretion, not facial skin",high – ear canal not facial skin; n not reported; between-person,high: ear canal not facial skin; n not reported; between-person,wording only (same RoB level),More complete reason list kept.
PMID:17931445,other,notes,"Cerumen (ear wax), indirect for skin.",Indirect (cerumen glands); low relevance to facial skin.,Indirect (cerumen glands); low relevance to facial skin.,wording only,Same content; clearer/more complete wording kept.
PMID:1884855,sebum,country,not reported (authors: Belgium),Belgium,not reported (authors: Belgium),wording only,Same content; clearer/more complete wording kept.
PMID:1884855,sebum,population,seborrhoeic and low-sebum women,women with seborrhoea and women with low sebum production,women with seborrhoea and women with low sebum production,wording only,Same content; clearer/more complete wording kept.
PMID:1884855,sebum,phases_compared,3 consecutive cycles,across 3 consecutive cycles,across 3 consecutive cycles,wording only,Same content; clearer/more complete wording kept.
PMID:1884855,sebum,measure,Sebutape sebum excretion and number of active glands,Sebutape sebum excretion and number of active sebaceous glands,Sebutape sebum excretion and number of active sebaceous glands,wording only,Same content; clearer/more complete wording kept.
PMID:1884855,sebum,main_result,Seborrhoeic women: maximum sebum excretion in week before menstruation; low-sebum women: no changes,seborrhoeic women: cyclic changes with maximum sebum excretion in week before menstruation; low-sebum women: no changes (numbers not reported),seborrhoeic women: cyclic changes with maximum sebum excretion in week before menstruation; low-sebum women: no changes (numbers not reported),wording only,Same content; clearer/more complete wording kept.
PMID:1884855,sebum,risk_of_bias,high: n and statistics not in abstract,high – n and statistics not reported in abstract; phase method not stated,high: n and statistics not reported in abstract; phase method not stated,wording only (same RoB level),More complete reason list kept.
PMID:1884855,sebum,notes,,Premenstrual rise only in seborrhoeic subgroup.,Premenstrual rise only in seborrhoeic subgroup.,wording only,Same content; clearer/more complete wording kept.
PMID:19282841,acne,population,high-school pupils aged 16 ± 0.9,high-school pupils aged 16±0.9,high-school pupils aged 16 ± 0.9,wording only,Same content; clearer/more complete wording kept.
PMID:19282841,acne,phases_compared,premenstrual phase (questionnaire),premenstrual phase vs rest,premenstrual phase (questionnaire),wording only,Same content; clearer/more complete wording kept.
PMID:19282841,acne,measure,clinical acne severity + questionnaire,clinical acne grading plus questionnaire on menstruation,clinical acne grading plus questionnaire on menstruation,wording only,Same content; clearer/more complete wording kept.
PMID:19282841,acne,main_result,Premenstrual phase recognised as a risk factor for moderate-to-severe acne; numbers not reported in abstract,premenstrual phase identified as a risk factor for moderate-to-severe acne (effect size not reported in abstract),premenstrual phase identified as a risk factor for moderate-to-severe acne (effect size not reported in abstract),wording only,Same content; clearer/more complete wording kept.
PMID:19282841,acne,risk_of_bias,high: questionnaire; numbers not in abstract,high – self-report; abstract only,high: questionnaire; numbers not in abstract,wording only (same RoB level),More complete reason list kept.
PMID:19282841,acne,notes,Community-based; acne examined clinically.,Full text (JID) blocked (403).,Community-based; acne examined clinically.,wording only,Same content; clearer/more complete wording kept.
PMID:19439880,acne,population,"acne patients attending dermatology OPD, Pondicherry","hospital acne patients, mean age 19.78","acne patients attending dermatology OPD, Pondicherry",wording only,Same content; clearer/more complete wording kept.
PMID:19439880,acne,phases_compared,premenstrual flare (history),premenstrual vs rest of cycle,premenstrual vs rest of cycle,wording only,Same content; clearer/more complete wording kept.
PMID:19439880,acne,measure,history of premenstrual flare,clinical history of premenstrual flare,clinical history of premenstrual flare,wording only,Same content; clearer/more complete wording kept.
PMID:19439880,acne,main_result,79 (57.7%) of 137 female patients gave history of premenstrual flare,79 of 137 female patients (57.7%) gave a history of premenstrual flare,79 of 137 female patients (57.7%) gave a history of premenstrual flare,wording only,Same content; clearer/more complete wording kept.
PMID:19439880,acne,risk_of_bias,high: history/recall; hospital sample; no contraception data,high – self-report history; clinic sample; OC not mentioned,high: history/recall; hospital sample; no contraception data,wording only (same RoB level),More complete reason list kept.
PMID:19439880,acne,notes,"Face in all; back, chest also involved.",Face involved in all patients. No association testing.,Face involved in all patients. No association testing.,wording only,Same content; clearer/more complete wording kept.
PMID:19757697,acne,n_total,100 (65 female),100 (65 women),100 (65 female),wording only,Same content; clearer/more complete wording kept.
PMID:19757697,acne,population,"acne patients 11–35, dermatology OPD, Hyderabad",acne outpatients 11–35,"acne patients 11–35, dermatology OPD, Hyderabad",wording only,Same content; clearer/more complete wording kept.
PMID:19757697,acne,phases_compared,premenstrual flare (history),premenstrual vs rest of cycle,premenstrual vs rest of cycle,wording only,Same content; clearer/more complete wording kept.
PMID:19757697,acne,measure,history of premenstrual flare,clinical history of premenstrual flare,clinical history of premenstrual flare,wording only,Same content; clearer/more complete wording kept.
PMID:19757697,acne,main_result,Premenstrual flare seen in 70% of female patients,premenstrual flare seen in 70% of female patients,Premenstrual flare seen in 70% of female patients,wording only,Same content; clearer/more complete wording kept.
PMID:19757697,acne,risk_of_bias,high: history/recall; clinic sample,high – self-report history; clinic sample,high: self-report history; clinic sample,wording only (same RoB level),More complete reason list kept.
PMID:19757697,acne,notes,Authors call it prospective study.,Described as prospective clinic series.,Described as prospective clinic series.,wording only,Same content; clearer/more complete wording kept.
PMID:2033132,reactivity,country,not reported (authors: Denmark),Denmark,not reported (authors: Denmark),wording only,Same content; clearer/more complete wording kept.
PMID:2033132,reactivity,measure,"SLS irritant patch test: visual score, TEWL, oedema, blood flow","sodium lauryl sulfate irritant patch test: visual score, TEWL, oedema, blood flow","sodium lauryl sulfate irritant patch test: visual score, TEWL, oedema, blood flow",wording only,Same content; clearer/more complete wording kept.
PMID:2033132,reactivity,main_result,"Response significantly stronger at day 1 than days 9–11: visual score p < 0.05, TEWL p < 0.05, oedema p < 0.005","response significantly stronger on day 1 than days 9–11: visual score p<0.05, TEWL p<0.05, oedema p<0.005","Response significantly stronger at day 1 than days 9–11: visual score p < 0.05, TEWL p < 0.05, oedema p < 0.005",wording only,Same content; clearer/more complete wording kept.
PMID:2033132,reactivity,risk_of_bias,some concerns: no hormone confirmation; contraception not stated in abstract,some concerns – no hormone confirmation; HC not stated in abstract,some concerns: no hormone confirmation; contraception not stated in abstract,wording only (same RoB level),More complete reason list kept.
PMID:2033132,reactivity,notes,,Irritant susceptibility higher at menstruation. Test site not stated in abstract.,Irritant susceptibility higher at menstruation. Test site not stated in abstract.,wording only,Same content; clearer/more complete wording kept.
PMID:20629827,acne,population,"adolescents 13–19, two schools, Kagawa",adolescents 13–19 at two schools,"adolescents 13–19, two schools, Kagawa",wording only,Same content; clearer/more complete wording kept.
PMID:20629827,acne,phases_compared,flares in proximity to menstruation (recall),near menstruation vs other times,flares in proximity to menstruation (recall),wording only,Same content; clearer/more complete wording kept.
PMID:20629827,acne,main_result,39.1% of 555 female respondents with acne reported flares in temporal proximity to menstruation,"of 555 female respondents with acne, 39.1% reported flares in temporal proximity to menstruation","of 555 female respondents with acne, 39.1% reported flares in temporal proximity to menstruation",wording only,Same content; clearer/more complete wording kept.
PMID:20629827,acne,risk_of_bias,high: self-report; timing (pre vs during) not specified,high – self-report recall,high: self-report; timing (pre vs during) not specified,wording only (same RoB level),More complete reason list kept.
PMID:20874438,acne,country,not reported (authors: Spain),Spain,not reported (authors: Spain),wording only,Same content; clearer/more complete wording kept.
PMID:20874438,acne,phases_compared,"premenstrual vs preovulatory, single cycle",premenstrual vs preovulatory phase (one cycle),premenstrual vs preovulatory phase (one cycle),wording only,Same content; clearer/more complete wording kept.
PMID:20874438,acne,measure,symptom questionnaire incl. acne,symptom questionnaire during a single cycle (acne among 'edematous' symptoms),symptom questionnaire during a single cycle (acne among 'edematous' symptoms),wording only,Same content; clearer/more complete wording kept.
PMID:20874438,acne,main_result,Practically all monitored symptoms (acne among them) increased premenstrually vs preovulatory; acne-specific numbers not reported,practically all monitored symptoms increased premenstrually vs preovulatory; acne-specific result not reported in abstract,Practically all monitored symptoms (acne among them) increased premenstrually vs preovulatory; acne-specific numbers not reported,wording only,Same content; clearer/more complete wording kept.
PMID:20874438,acne,risk_of_bias,high: asthmatic population; acne result not separately reported,high – asthma population; acne not reported separately,high: asthmatic population; acne result not separately reported,wording only (same RoB level),More complete reason list kept.
PMID:20874438,acne,notes,Acne grouped with oedematous symptoms.,Indirect population; acne one of many symptoms.,Indirect population; acne one of many symptoms.,wording only,Same content; clearer/more complete wording kept.
PMID:22565434,acne,population,"adults >25 with acne, tertiary hospital, New Delhi","adults >25 with acne, tertiary hospital","adults >25 with acne, tertiary hospital, New Delhi",wording only,Same content; clearer/more complete wording kept.
PMID:22565434,acne,phases_compared,premenstrual flare (history),premenstrual vs rest of cycle,premenstrual vs rest of cycle,wording only,Same content; clearer/more complete wording kept.
PMID:22565434,acne,measure,history of premenstrual flare,clinical history of premenstrual flare,clinical history of premenstrual flare,wording only,Same content; clearer/more complete wording kept.
PMID:22565434,acne,main_result,Premenstrual flare in 27 (11.7%) of 230 female patients,premenstrual flare seen in 27 (11.7%) of female patients,premenstrual flare seen in 27 (11.7%) of female patients,wording only,Same content; clearer/more complete wording kept.
PMID:22565434,acne,risk_of_bias,high: history/recall; clinic sample; no contraception data,high – self-report history; clinic sample; OC not mentioned,high: history/recall; clinic sample; no contraception data,wording only (same RoB level),More complete reason list kept.
PMID:22565434,acne,notes,Clinico-epidemiological series; cheek most common site.,Much lower than other series; authors contrast with 84.8% elsewhere.,Much lower than other series; authors contrast with 84.8% elsewhere.,wording only,Same content; clearer/more complete wording kept.
PMID:23991603,acne,phases_compared,premenstrual period as aggravating factor (belief),premenstrual period vs rest,premenstrual period as aggravating factor (belief),wording only,Same content; clearer/more complete wording kept.
PMID:23991603,acne,measure,self-reported beliefs about acne aggravating factors,self-reported beliefs about aggravating factors,self-reported beliefs about acne aggravating factors,wording only,Same content; clearer/more complete wording kept.
PMID:23991603,acne,main_result,More than half believed premenstrual period aggravated acne; exact % not reported in text (figure only),more than half believed pre-menstrual period (among other factors) aggravated their acne; exact figure not reported,more than half believed pre-menstrual period (among other factors) aggravated their acne; exact figure not reported,wording only,Same content; clearer/more complete wording kept.
PMID:23991603,acne,risk_of_bias,high: belief questionnaire; denominator unclear (includes males),high – belief questionnaire; no specific number,high: belief questionnaire; denominator unclear (includes males),wording only (same RoB level),More complete reason list kept.
PMID:23991603,acne,notes,"Measures perception/belief, not observed flare.",Denominator for the premenstrual item unclear (may include boys).,Denominator for the premenstrual item unclear (may include boys).,wording only,Same content; clearer/more complete wording kept.
PMID:24301233,colour,country,not reported,not stated,not reported,wording only,Same content; clearer/more complete wording kept.
PMID:24301233,colour,population,volunteers given fractional CO2 laser,volunteers receiving fractional CO2 laser,volunteers receiving fractional CO2 laser,wording only,Same content; clearer/more complete wording kept.
PMID:24301233,colour,phases_compared,four predetermined cycle days,4 predetermined days spanning the cycle,4 predetermined days spanning the cycle,wording only,Same content; clearer/more complete wording kept.
PMID:24301233,colour,measure,laser-induced post-inflammatory hyperpigmentation,laser-induced post-inflammatory hyperpigmentation severity,laser-induced post-inflammatory hyperpigmentation severity,wording only,Same content; clearer/more complete wording kept.
PMID:24301233,colour,main_result,"2 developed hypopigmentation, rest hyperpigmentation; PIH most severe when done just before or after menstruation","2 developed hypopigmentation, 5 hyperpigmentation; PIH most severe when laser done just before or after menstruation (no statistics reported)","2 developed hypopigmentation, 5 hyperpigmentation; PIH most severe when laser done just before or after menstruation (no statistics reported)",wording only,Same content; clearer/more complete wording kept.
PMID:24301233,colour,risk_of_bias,high: n=7; no statistics; editorial-type report,high – n=7; no statistics; phase method not stated,high: n=7; no statistics; phase method not stated,wording only (same RoB level),More complete reason list kept.
PMID:24301233,colour,notes,Perimenstrual (just before or after menses).,Indexed as editorial. 'worse_menstrual' here means perimenstrual (just before or after menses).,Indexed as editorial. 'worse_menstrual' here means perimenstrual (just before or after menses).,wording only,Same content; clearer/more complete wording kept.
PMID:25161758,acne,population,"women ≥18 with acne complaint in past 30 days, dermatology practice","women 18–50 with acne complaint in last 30 days, dermatology practice","women 18–50 with acne complaint in last 30 days, dermatology practice",wording only,Same content; clearer/more complete wording kept.
PMID:25161758,acne,phases_compared,worse before / during / after menses / throughout (recall),week before menses vs during vs after vs throughout cycle,worse before / during / after menses / throughout (recall),wording only,Same content; clearer/more complete wording kept.
PMID:25161758,acne,measure,anonymous survey: timing of perimenstrual acne worsening,"anonymous questionnaire, self-reported perimenstrual worsening","anonymous questionnaire, self-reported perimenstrual worsening",wording only,Same content; clearer/more complete wording kept.
PMID:25161758,acne,main_result,"65% reported acne worse with menses; of these 56% worse in week before menses, 17% during, 3% after, 24% throughout cycle","65% worse with menses; of these 56% week before, 17% during, 3% after, 24% throughout; 18–29y 68% vs 30–50y 42% (no p-values reported)","65% worse with menses; of these 56% week before, 17% during, 3% after, 24% throughout; 18–29y 68% vs 30–50y 42% (no p-values reported)",wording only,Same content; clearer/more complete wording kept.
PMID:25161758,acne,risk_of_bias,high: recall; single clinic; 35% of perimenstrual-acne group on oral contraceptives,"high – self-report recall; OC users included (31, reported as 37%)",high: recall; single clinic; 35% of perimenstrual-acne group on oral contraceptives,wording only (same RoB level),More complete reason list kept.
PMID:25161758,acne,notes,Full text via PMC web page.,"Sites: forehead 42%, cheeks 42%, perioral 31%, entire face 41%. Full text read from PMC web page.","Sites: forehead 42%, cheeks 42%, perioral 31%, entire face 41%. Full text read from PMC web page.",wording only,Same content; clearer/more complete wording kept.
PMID:2572112,other,country,not reported (authors: Italy),Italy,not reported (authors: Italy),wording only,Same content; clearer/more complete wording kept.
PMID:2572112,other,n_total,"32 (20 young, 12 middle-aged)",20 young + 12 middle-aged,"32 (20 young, 12 middle-aged)",wording only,Same content; clearer/more complete wording kept.
PMID:2572112,other,population,healthy women aged 20 ± 4 and 42 ± 3,"healthy women 20±4 y and 42±3 y, normal 4-week cycles","healthy women 20±4 y and 42±3 y, normal 4-week cycles",wording only,Same content; clearer/more complete wording kept.
PMID:2572112,other,measure,skin extensibility time (volar forearm),"skin extensibility and relaxation time (extensometer), volar forearm","skin extensibility and relaxation time (extensometer), volar forearm",wording only,Same content; clearer/more complete wording kept.
PMID:2572112,other,risk_of_bias,high: forearm only; no hormone confirmation; small groups,high – forearm only; HC not stated; calendar days; small groups,high: forearm only; HC not stated; calendar days; small groups,wording only (same RoB level),More complete reason list kept.
PMID:2572112,other,notes,Authors link to premenstrual skin water increase.,Premenstrual change in young women only; authors attribute it to higher skin water content.,Premenstrual change in young women only; authors attribute it to higher skin water content.,wording only,Same content; clearer/more complete wording kept.
PMID:26134671,colour,country,United Kingdom,UK,United Kingdom,wording only,Same content; clearer/more complete wording kept.
PMID:26134671,colour,n_total,22 (30 recruited),22 analysed (30 recruited),22 analysed (30 recruited),wording only,Same content; clearer/more complete wording kept.
PMID:26134671,colour,population,"healthy women, mean age 23.36, no hormonal contraception ≥3 months",women mean 23.36 y (SD 4.94),"healthy women, mean age 23.36, no hormonal contraception ≥3 months",wording only,Same content; clearer/more complete wording kept.
PMID:26134671,colour,phases_compared,"daily photographs across ≥1 cycle, aligned to urinary LH surge",daily photographs across an adjusted 28-day cycle (LH surge = day 14),daily photographs across an adjusted 28-day cycle (LH surge = day 14),wording only,Same content; clearer/more complete wording kept.
PMID:26134671,colour,measure,cheek-patch redness (L:M cone ratio) and luminance from calibrated photographs,cheek redness (L:M cone ratio) and luminance from calibrated photographs,cheek-patch redness (L:M cone ratio) and luminance from calibrated photographs,wording only,Same content; clearer/more complete wording kept.
PMID:26134671,colour,main_result,"Redness varied significantly across cycle (χ²(4) = 18.02, p = 0.0012): fell after menstrual onset, rose before ovulation, stayed high through luteal phase; luminance not significant; all JNDs < 1 (not perceptible)","redness varied χ2(4)=18.02, p=0.0012: fell after menses onset, rose in week 2, stayed high through luteal phase; luminance not significant; all JNDs <1 (not visible)","Redness varied significantly across cycle (χ²(4) = 18.02, p = 0.0012): fell after menstrual onset, rose before ovulation, stayed high through luteal phase; luminance not significant; all JNDs < 1 (not perceptible)",wording only,Same content; clearer/more complete wording kept.
PMID:26134671,colour,risk_of_bias,"low: LH-confirmed, pill users excluded, blind to hypothesis; small n (22)","low – urinary LH confirmed, HC excluded, calibrated objective measure; small n","low: urinary LH confirmed, HC excluded, calibrated objective measure; small n",wording only (same RoB level),More complete reason list kept.
PMID:26134671,colour,notes,Changes statistically significant but below human visual detection threshold.,Changes too small for human eye to detect.,Changes statistically significant but below human visual detection threshold.,wording only,Same content; clearer/more complete wording kept.
PMID:28251894,acne,phases_compared,luteal (premenstrual) vs other phase; then half-face treatment in luteal phase,"luteal (premenstrual) vs follicular, 2 observational cycles",luteal (premenstrual) vs other phase; then half-face treatment in luteal phase,wording only,Same content; clearer/more complete wording kept.
PMID:28251894,acne,measure,"lesion counts (papules, closed comedones, inflammatory lesions)",facial lesion counts,"lesion counts (papules, closed comedones, inflammatory lesions)",wording only,Same content; clearer/more complete wording kept.
PMID:28251894,acne,risk_of_bias,some concerns: selected for declared flares; phase method not stated; industry product,some concerns – selected flare-reporters; phase method and HC unclear in abstract,some concerns: selected for declared flares; phase method not stated; industry product,wording only (same RoB level),More complete reason list kept.
PMID:28569570,acne,population,"women with mild–moderate acne, regular cycles, no hormonal pathology","women with mild-to-moderate acne, regular cycles, no hormonal pathology","women with mild-to-moderate acne, regular cycles, no hormonal pathology",wording only,Same content; clearer/more complete wording kept.
PMID:28569570,acne,phases_compared,peel in cycle days 1–7 vs 10–14 vs last 10 days (3 groups of 10),50% glycolic peel in days 1–7 vs days 10–14 vs last 10 days of cycle (3 groups of 10),50% glycolic peel in days 1–7 vs days 10–14 vs last 10 days of cycle (3 groups of 10),wording only,Same content; clearer/more complete wording kept.
PMID:28569570,acne,measure,acne severity scores after 3 months of 50% glycolic acid peels,acne severity score after 3 months of peels,acne severity scores after 3 months of 50% glycolic acid peels,wording only,Same content; clearer/more complete wording kept.
PMID:28569570,acne,main_result,Severity decreased in all groups; statistically significant only in the day 10–14 (ovulation) group,scores decreased in all groups; statistically significant only in the days 10–14 (ovulation) group,Severity decreased in all groups; statistically significant only in the day 10–14 (ovulation) group,wording only,Same content; clearer/more complete wording kept.
PMID:28569570,acne,risk_of_bias,high: n=10 per arm; allocation method not stated; no between-group test reported,high – n=10 per group; randomisation not stated; no steady-routine control,high: n=10 per arm; allocation method not stated; no between-group test reported,wording only (same RoB level),More complete reason list kept.
PMID:29148415,acne,n_total,"690 (200 BS, 240 FMF, 250 healthy controls)",200 Behçet's + 240 FMF + 250 healthy controls,200 Behçet's + 240 FMF + 250 healthy controls,wording only,Same content; clearer/more complete wording kept.
PMID:29148415,acne,population,"women of reproductive age with Behçet's syndrome, FMF, and healthy hospital workers","women of reproductive age, including 250 healthy hospital workers","women of reproductive age with Behçet's syndrome, FMF, and healthy hospital workers",wording only,Same content; clearer/more complete wording kept.
PMID:29148415,acne,phases_compared,menstrual period vs other times (recall),menstrual period vs rest,menstrual period vs other times (recall),wording only,Same content; clearer/more complete wording kept.
PMID:29148415,acne,main_result,Acneiform lesion most commonly reported menstrual symptom in BS patients (51%) and healthy controls (62%),"acneiform lesion was the most commonly reported menstrual-exacerbated symptom: Behçet's 51%, healthy controls 62%","acneiform lesion was the most commonly reported menstrual-exacerbated symptom: Behçet's 51%, healthy controls 62%",wording only,Same content; clearer/more complete wording kept.
PMID:29148415,acne,risk_of_bias,high: self-report (authors note); no pill data,high – self-report (authors' stated limitation),high: self-report (authors note); no pill data,wording only (same RoB level),More complete reason list kept.
PMID:29148415,acne,notes,Healthy controls relevant; asked about menstrual (not premenstrual) period.,Healthy-control figure most relevant to the review.,Healthy controls relevant; asked about menstrual (not premenstrual) period.,wording only,Same content; clearer/more complete wording kept.
PMID:2936421,other,country,not reported (authors: UK),not stated,not reported (authors: UK),wording only,Same content; clearer/more complete wording kept.
PMID:2936421,other,phases_compared,premenstrual exacerbation (history),premenstrual vs rest of cycle,premenstrual exacerbation (history),wording only,Same content; clearer/more complete wording kept.
PMID:2936421,other,measure,history of premenstrual exacerbation of HS,self-reported premenstrual exacerbation of hidradenitis suppurativa,self-reported premenstrual exacerbation of hidradenitis suppurativa,wording only,Same content; clearer/more complete wording kept.
PMID:2936421,other,risk_of_bias,high: history; disease population,high – HS patients; self-report; not a skincare outcome,high: HS patients; self-report; not a skincare outcome,wording only (same RoB level),More complete reason list kept.
PMID:2936421,other,notes,PMC copy is scanned images only; abstract used.,PMC copy is scanned images only; text not extractable. 19 had or had had acne.,PMC copy is scanned images only; text not extractable. 19 had or had had acne.,wording only,Same content; clearer/more complete wording kept.
PMID:30904911,hydration,country,not reported (authors: Poland),Poland,not reported (authors: Poland),wording only,Same content; clearer/more complete wording kept.
PMID:30904911,hydration,measure,skin moisture (Aramo SG); serum estradiol by RIA,facial skin moisture (Aramo SG),skin moisture (Aramo SG); serum estradiol by RIA,wording only,Same content; clearer/more complete wording kept.
PMID:30904911,hydration,main_result,Luteal moisture from 93.5% (youngest) to 115.5% (oldest group) of standard index; moisture related to estradiol only in 40–50 group; direct day 5 vs day 25 contrast not reported,luteal-phase moisture 93.5% (youngest) to 115.5% (oldest) of standard index; r2=0.45 E2–moisture on day 5 in 40–50y only; phase difference not reported,Luteal moisture from 93.5% (youngest) to 115.5% (oldest group) of standard index; moisture related to estradiol only in 40–50 group; direct day 5 vs day 25 contrast not reported,wording only,Same content; clearer/more complete wording kept.
PMID:30904911,hydration,risk_of_bias,high: phase contrast not reported; age-group subsamples small,high – direct day-5 vs day-25 comparison not reported; small age subgroups; HC not stated,high: direct day-5 vs day-25 comparison not reported; small age subgroups; HC not stated,wording only (same RoB level),More complete reason list kept.
PMID:30904911,hydration,notes,Estradiol measured but not used to confirm phase.,"Serum oestradiol measured but used for correlation, not phase confirmation.","Serum oestradiol measured but used for correlation, not phase confirmation.",wording only,Same content; clearer/more complete wording kept.
PMID:30904911,other,country,not reported (authors: Poland),Poland,not reported (authors: Poland),wording only,Same content; clearer/more complete wording kept.
PMID:30904911,other,measure,"pore width, smoothness (Aramo SG)",pore width and smoothness (Aramo SG),pore width and smoothness (Aramo SG),wording only,Same content; clearer/more complete wording kept.
PMID:30904911,other,main_result,"Day 25: smoothness 43.5 ± 6.7% (40–50, low estradiol) vs 37.5 ± 4.7% (20–29); pore width 35.2 ± 15.7% vs 54.3 ± 28.8%; not statistically significant (p > 0.05)","day 25, 40–50y: smoothness 43.5±6.7% with low E2 vs 37.5±4.7% in 20–29y; pore width 35.2±15.7% vs 54.3±28.8%; p>0.05","Day 25: smoothness 43.5 ± 6.7% (40–50, low estradiol) vs 37.5 ± 4.7% (20–29); pore width 35.2 ± 15.7% vs 54.3 ± 28.8%; not statistically significant (p > 0.05)",wording only,Same content; clearer/more complete wording kept.
PMID:30904911,other,risk_of_bias,"high: comparisons are by age/estradiol, not phase",high – direct day-5 vs day-25 comparison not reported; small age subgroups; HC not stated,high: direct day-5 vs day-25 comparison not reported; small age subgroups; HC not stated,wording only (same RoB level),More complete reason list kept.
PMID:30904911,other,notes,Discoloration also measured; no result given in abstract.,"Age and oestradiol comparisons, not phase comparisons.",Discoloration also measured; no result given in abstract.,wording only,Same content; clearer/more complete wording kept.
PMID:3157562,acne,country,not reported,not stated,not reported,wording only,Same content; clearer/more complete wording kept.
PMID:3157562,acne,population,women 27–42 with acne,female acne patients 27–42,female acne patients 27–42,wording only,Same content; clearer/more complete wording kept.
PMID:3157562,acne,phases_compared,premenstrual or menstrual exacerbation (history),premenstrual/menstrual vs rest of cycle,premenstrual or menstrual exacerbation (history),wording only,Same content; clearer/more complete wording kept.
PMID:3157562,acne,measure,history of premenstrual/menstrual exacerbation,reported premenstrual or menstrual exacerbation of acne,reported premenstrual or menstrual exacerbation of acne,wording only,Same content; clearer/more complete wording kept.
PMID:3157562,acne,main_result,71% with normal androgens and 72% with elevated androgens had premenstrual or menstrual exacerbation,71% with normal androgen levels and 72% with elevated androgens had premenstrual or menstrual exacerbation,71% with normal androgen levels and 72% with elevated androgens had premenstrual or menstrual exacerbation,wording only,Same content; clearer/more complete wording kept.
PMID:3157562,acne,risk_of_bias,high: n=26; history; pre- and menstrual combined,high – n=26 clinic patients; self-report; no phase comparison design,high: n=26 clinic patients; self-report; no phase comparison design,wording only (same RoB level),More complete reason list kept.
PMID:3157562,acne,notes,Face site inferred from 'chin area' nodules mention only.,Elevated-androgen patients had premenstrual therapy-resistant nodules on chin. Premenstrual and menstrual flare not separated.,Elevated-androgen patients had premenstrual therapy-resistant nodules on chin. Premenstrual and menstrual flare not separated.,wording only,Same content; clearer/more complete wording kept.
PMID:3219545,other,country,not reported (authors: UK),UK,not reported (authors: UK),wording only,Same content; clearer/more complete wording kept.
PMID:3219545,other,population,patients with hidradenitis suppurativa (female:male 13:5),patients with hidradenitis suppurativa (female preponderance 13:5),patients with hidradenitis suppurativa (female preponderance 13:5),wording only,Same content; clearer/more complete wording kept.
PMID:3219545,other,phases_compared,premenstrual flare (history),premenstrual vs rest of cycle,premenstrual vs rest of cycle,wording only,Same content; clearer/more complete wording kept.
PMID:3219545,other,measure,history of premenstrual flare of HS,clinical history of premenstrual flare of hidradenitis suppurativa,clinical history of premenstrual flare of hidradenitis suppurativa,wording only,Same content; clearer/more complete wording kept.
PMID:3219545,other,main_result,Premenstrual flare in 57 per cent of women,premenstrual flare in 57 per cent of women,Premenstrual flare in 57 per cent of women,wording only,Same content; clearer/more complete wording kept.
PMID:3219545,other,risk_of_bias,high: history; disease population,high – HS patients; self-report; not a skincare outcome,high: HS patients; self-report; not a skincare outcome,wording only (same RoB level),More complete reason list kept.
PMID:3219545,other,notes,Hidradenitis suppurativa.,No flare associated with irregular or anovulatory cycles; hormone profiles in 36 women.,No flare associated with irregular or anovulatory cycles; hormone profiles in 36 women.,wording only,Same content; clearer/more complete wording kept.
PMID:32549185,acne,population,"women 18–25, population-based random sample","young women 18–25, population-based multistage random sample","young women 18–25, population-based multistage random sample",wording only,Same content; clearer/more complete wording kept.
PMID:32549185,acne,phases_compared,"before, during, after menses (recall, past 6 months)","before vs during vs after menses (acne flare timing, past 6 months)","before vs during vs after menses (acne flare timing, past 6 months)",wording only,Same content; clearer/more complete wording kept.
PMID:32549185,acne,main_result,"56.7% of acne patients reported perimenstrual flare: 58.5% before menses, 35% during, 6.5% after","44.8% had acne; of acne patients 56.7% reported perimenstrual flare: 58.5% before menses, 35% during, 6.5% after","44.8% had acne; of acne patients 56.7% reported perimenstrual flare: 58.5% before menses, 35% during, 6.5% after",wording only,Same content; clearer/more complete wording kept.
PMID:32549185,acne,risk_of_bias,high: recall; contraception not stated,high – self-report recall over 6 months; HC not reported,high: self-report recall over 6 months; HC not reported,wording only (same RoB level),More complete reason list kept.
PMID:32549185,acne,notes,Acne in 44.8% of sample.,Acne also associated with premenstrual and menstrual symptoms (adjusted ORs 1.23–1.63).,Acne also associated with premenstrual and menstrual symptoms (adjusted ORs 1.23–1.63).,wording only,Same content; clearer/more complete wording kept.
PMID:32803767,acne,country,not reported (authors: UK),UK,not reported (authors: UK),wording only,Same content; clearer/more complete wording kept.
PMID:32803767,acne,phases_compared,cyclical pattern (history),cyclical pattern (premenstrual vs other),cyclical pattern (premenstrual vs other),wording only,Same content; clearer/more complete wording kept.
PMID:32803767,acne,measure,history of cyclical lesions,retrospective clinical history,retrospective clinical history,wording only,Same content; clearer/more complete wording kept.
PMID:32803767,acne,main_result,"Nine patients reported a cyclical pattern, premenstrual exacerbation most common","9 patients reported a cyclical pattern, premenstrual exacerbation most common","Nine patients reported a cyclical pattern, premenstrual exacerbation most common",wording only,Same content; clearer/more complete wording kept.
PMID:32803767,acne,risk_of_bias,high: n=16; retrospective; recall,high – retrospective; n=16; non-facial,high: retrospective; n=16; non-facial,wording only (same RoB level),More complete reason list kept.
PMID:32803767,acne,notes,"Vulval, not facial.",Non-facial acne-like condition.,Non-facial acne-like condition.,wording only,Same content; clearer/more complete wording kept.
PMID:33655630,acne,country,India (implied),India,India (implied),wording only,Same content; clearer/more complete wording kept.
PMID:33655630,acne,n_total,180 acne patients (81.7% female),180 (81.7% female),180 acne patients (81.7% female),wording only,Same content; clearer/more complete wording kept.
PMID:33655630,acne,population,"adults >25 with acne among 24,056 adult clinic patients","adult acne patients >25 among 24,056 adult attendees","adults >25 with acne among 24,056 adult clinic patients",wording only,Same content; clearer/more complete wording kept.
PMID:33655630,acne,phases_compared,premenstrual flare (history),premenstrual vs rest of cycle,premenstrual vs rest of cycle,wording only,Same content; clearer/more complete wording kept.
PMID:33655630,acne,measure,history of premenstrual flare,clinical history of premenstrual flare,clinical history of premenstrual flare,wording only,Same content; clearer/more complete wording kept.
PMID:33655630,acne,main_result,Premenstrual flare in 61.9% of female patients,premenstrual flare in 61.9% of female patients,Premenstrual flare in 61.9% of female patients,wording only,Same content; clearer/more complete wording kept.
PMID:33655630,acne,risk_of_bias,high: history/recall; clinic sample,high – self-report history; clinic sample,high: self-report history; clinic sample,wording only (same RoB level),More complete reason list kept.
PMID:33655630,acne,notes,Authors call it prospective observational.,"Labelled 'prospective, observational'; effectively cross-sectional history-taking.","Labelled 'prospective, observational'; effectively cross-sectional history-taking.",wording only,Same content; clearer/more complete wording kept.
PMID:34423850,acne,country,not reported (authors: Thailand),Thailand,not reported (authors: Thailand),wording only,Same content; clearer/more complete wording kept.
PMID:34423850,acne,population,adult women ≥25 with acne,adult female acne patients ≥25 (mean 31.8±7.1),adult female acne patients ≥25 (mean 31.8±7.1),wording only,Same content; clearer/more complete wording kept.
PMID:34423850,acne,phases_compared,pre-menstruation as aggravating factor (history),premenstrual vs rest of cycle,pre-menstruation as aggravating factor (history),wording only,Same content; clearer/more complete wording kept.
PMID:34423850,acne,measure,history of aggravating factors,history: aggravating factors,history of aggravating factors,wording only,Same content; clearer/more complete wording kept.
PMID:34423850,acne,main_result,Pre-menstruation aggravated acne in 72.6%; premenstrual flare associated with PCOS,pre-menstruation reported as aggravating factor by 72.6%; premenstrual flare associated with PCOS (univariate and multivariate),pre-menstruation reported as aggravating factor by 72.6%; premenstrual flare associated with PCOS (univariate and multivariate),wording only,Same content; clearer/more complete wording kept.
PMID:34423850,acne,risk_of_bias,high: history/recall; clinic sample; 48.1% had PCOS,high – self-report; 48.1% had PCOS (not natural-cycle healthy),high: self-report; 48.1% had PCOS (not natural-cycle healthy),wording only (same RoB level),More complete reason list kept.
PMID:34423850,acne,notes,,High PCOS share limits relevance to healthy cycles.,High PCOS share limits relevance to healthy cycles.,wording only,Same content; clearer/more complete wording kept.
PMID:34505184,acne,population,"adult women ≥25 with acne, Lagos",adult female acne patients 25–67 (mean 33.4),adult female acne patients 25–67 (mean 33.4),wording only,Same content; clearer/more complete wording kept.
PMID:34505184,acne,phases_compared,premenstrual flare (history),premenstrual vs rest of cycle,premenstrual vs rest of cycle,wording only,Same content; clearer/more complete wording kept.
PMID:34505184,acne,main_result,not reported (premenstrual flare listed as a study variable; no figure in abstract),not reported,not reported (premenstrual flare listed as a study variable; no figure in abstract),wording only,Same content; clearer/more complete wording kept.
PMID:34505184,acne,risk_of_bias,high: clinic sample; result not reported in abstract,high – self-report; result absent from abstract,high: clinic sample; result not reported in abstract,wording only (same RoB level),More complete reason list kept.
PMID:34505184,acne,notes,Facial only in 80.4%.,Premenstrual flare was a stated aim but no figure in abstract; full text not accessible.,Premenstrual flare was a stated aim but no figure in abstract; full text not accessible.,wording only,Same content; clearer/more complete wording kept.
PMID:35810346,barrier_TEWL,country,not reported (authors: Sweden),Sweden,not reported (authors: Sweden),wording only,Same content; clearer/more complete wording kept.
PMID:35810346,barrier_TEWL,population,"women with hormonal acne-prone skin, Chinese and Caucasian origin","women with hormonal acne-prone skin, Chinese and Caucasian","women with hormonal acne-prone skin, Chinese and Caucasian origin",wording only,Same content; clearer/more complete wording kept.
PMID:35810346,barrier_TEWL,phases_compared,menstrual cycle phases (not specified in abstract),different menstrual cycle phases (not specified in abstract),different menstrual cycle phases (not specified in abstract),wording only,Same content; clearer/more complete wording kept.
PMID:35810346,barrier_TEWL,main_result,Changes in TEWL reported between/within hormonal phases; numbers and direction not reported,changes in TEWL between and within hormonal phases (direction and numbers not reported),Changes in TEWL reported between/within hormonal phases; numbers and direction not reported,wording only,Same content; clearer/more complete wording kept.
PMID:35810346,barrier_TEWL,risk_of_bias,high: pilot; n and methods not in abstract; industry authors,"high – n, phases and statistics not reported in abstract; industry (Oriflame) pilot","high: n, phases and statistics not reported in abstract; industry (Oriflame) pilot",wording only (same RoB level),More complete reason list kept.
PMID:35810346,barrier_TEWL,notes,Oriflame pilot study.,Pilot study; full text blocked.,Pilot study; full text blocked.,wording only,Same content; clearer/more complete wording kept.
PMID:35810346,hydration,country,not reported (authors: Sweden),Sweden,not reported (authors: Sweden),wording only,Same content; clearer/more complete wording kept.
PMID:35810346,hydration,population,"women with hormonal acne-prone skin, Chinese and Caucasian origin","women with hormonal acne-prone skin, Chinese and Caucasian","women with hormonal acne-prone skin, Chinese and Caucasian origin",wording only,Same content; clearer/more complete wording kept.
PMID:35810346,hydration,phases_compared,menstrual cycle phases (not specified),different menstrual cycle phases (not specified in abstract),different menstrual cycle phases (not specified in abstract),wording only,Same content; clearer/more complete wording kept.
PMID:35810346,hydration,main_result,Changes in hydration reported; numbers and direction not reported,changes in hydration (direction and numbers not reported),Changes in hydration reported; numbers and direction not reported,wording only,Same content; clearer/more complete wording kept.
PMID:35810346,hydration,risk_of_bias,high: pilot; n and methods not in abstract,"high – n, phases and statistics not reported in abstract; industry (Oriflame) pilot","high: n, phases and statistics not reported in abstract; industry (Oriflame) pilot",wording only (same RoB level),More complete reason list kept.
PMID:35810346,microbiome,country,not reported (authors: Sweden),Sweden,not reported (authors: Sweden),wording only,Same content; clearer/more complete wording kept.
PMID:35810346,microbiome,population,"women with hormonal acne-prone skin, Chinese and Caucasian origin","women with hormonal acne-prone skin, Chinese and Caucasian","women with hormonal acne-prone skin, Chinese and Caucasian origin",wording only,Same content; clearer/more complete wording kept.
PMID:35810346,microbiome,phases_compared,menstrual cycle phases (not specified),different menstrual cycle phases (not specified in abstract),different menstrual cycle phases (not specified in abstract),wording only,Same content; clearer/more complete wording kept.
PMID:35810346,microbiome,risk_of_bias,high: pilot; n not in abstract,"high – n, phases and statistics not reported in abstract; industry (Oriflame) pilot","high: n, phases and statistics not reported in abstract; industry (Oriflame) pilot",wording only (same RoB level),More complete reason list kept.
PMID:35810346,microbiome,notes,Also reported pore volume changes (not extracted separately).,Ethnic differences in metabolic pathways in follicular phase.,Also reported pore volume changes (not extracted separately).,wording only,Same content; clearer/more complete wording kept.
PMID:35810346,sebum,country,not reported (authors: Sweden),Sweden,not reported (authors: Sweden),wording only,Same content; clearer/more complete wording kept.
PMID:35810346,sebum,population,"women with hormonal acne-prone skin, Chinese and Caucasian origin","women with hormonal acne-prone skin, Chinese and Caucasian","women with hormonal acne-prone skin, Chinese and Caucasian origin",wording only,Same content; clearer/more complete wording kept.
PMID:35810346,sebum,phases_compared,menstrual cycle phases (not specified),different menstrual cycle phases (not specified in abstract),different menstrual cycle phases (not specified in abstract),wording only,Same content; clearer/more complete wording kept.
PMID:35810346,sebum,main_result,Changes in sebum reported; numbers and direction not reported,changes in sebum level (direction and numbers not reported),Changes in sebum reported; numbers and direction not reported,wording only,Same content; clearer/more complete wording kept.
PMID:35810346,sebum,risk_of_bias,high: pilot; n and methods not in abstract,"high – n, phases and statistics not reported in abstract; industry (Oriflame) pilot","high: n, phases and statistics not reported in abstract; industry (Oriflame) pilot",wording only (same RoB level),More complete reason list kept.
PMID:36606389,acne,population,"adult women >25 with acne, tertiary hospital, North India",adult female acne patients 26–41,"adult women >25 with acne, tertiary hospital, North India",wording only,Same content; clearer/more complete wording kept.
PMID:36606389,acne,phases_compared,premenstrual flare (history),premenstrual vs rest of cycle,premenstrual vs rest of cycle,wording only,Same content; clearer/more complete wording kept.
PMID:36606389,acne,measure,history of premenstrual flare,history of premenstrual flare-up,history of premenstrual flare-up,wording only,Same content; clearer/more complete wording kept.
PMID:36606389,acne,risk_of_bias,high: history/recall; clinic sample; n=60,high – self-report history; clinic sample,high: history/recall; clinic sample; n=60,wording only (same RoB level),More complete reason list kept.
PMID:36606389,acne,notes,Main aim hormonal/biochemical profile.,Listed as open access but publisher blocked (403).,Listed as open access but publisher blocked (403).,wording only,Same content; clearer/more complete wording kept.
PMID:40583043,barrier_TEWL,n_total,"81 (36 reproductive, 45 postmenopausal)","81 (36 reproductive-age, 45 postmenopausal)","81 (36 reproductive-age, 45 postmenopausal)",wording only,Same content; clearer/more complete wording kept.
PMID:40583043,barrier_TEWL,population,"healthy women 18–65; reproductive group mean age 27.06, regular 25–31 day cycles","healthy women 18–65; cycling group mean 27.06±5.60 y, regular 25–31 day cycles","healthy women 18–65; reproductive group mean age 27.06, regular 25–31 day cycles",wording only,Same content; clearer/more complete wording kept.
PMID:40583043,barrier_TEWL,phases_compared,ovulatory (within 24 h of urinary LH+) vs mid-luteal (7 days after ovulation),ovulatory (within 24 h of urinary LH surge) vs mid-luteal (7 days after ovulation),ovulatory (within 24 h of urinary LH surge) vs mid-luteal (7 days after ovulation),wording only,Same content; clearer/more complete wording kept.
PMID:40583043,barrier_TEWL,measure,"TEWL (Tewameter TM 300), g/h/m²",TEWL (Tewameter TM 300),"TEWL (Tewameter TM 300), g/h/m²",wording only,Same content; clearer/more complete wording kept.
PMID:40583043,barrier_TEWL,main_result,TEWL higher mid-luteal 9.92 ± 1.37 vs ovulatory 8.87 ± 1.59 (t = −5.461; p < 0.001),"TEWL 8.87±1.59 ovulatory vs 9.92±1.37 mid-luteal, p<0.001",TEWL higher mid-luteal 9.92 ± 1.37 vs ovulatory 8.87 ± 1.59 (t = −5.461; p < 0.001),wording only,Same content; clearer/more complete wording kept.
PMID:40583043,barrier_TEWL,risk_of_bias,some concerns: measurement site not stated; only two timepoints; published correction to conclusion wording and Table 2,some concerns – urinary LH only; n=36; measurement site not stated; text/table mismatch,some concerns: measurement site not stated; only two timepoints; published correction to conclusion wording and Table 2,wording only (same RoB level),More complete reason list kept.
PMID:40583043,hydration,n_total,"81 (36 reproductive, 45 postmenopausal)","81 (36 reproductive-age, 45 postmenopausal)","81 (36 reproductive-age, 45 postmenopausal)",wording only,Same content; clearer/more complete wording kept.
PMID:40583043,hydration,population,"healthy women 18–65; reproductive group mean age 27.06, regular 25–31 day cycles","healthy women 18–65; cycling group mean 27.06±5.60 y, regular 25–31 day cycles","healthy women 18–65; reproductive group mean age 27.06, regular 25–31 day cycles",wording only,Same content; clearer/more complete wording kept.
PMID:40583043,hydration,measure,"stratum corneum hydration (Corneometer CM 825), au",stratum corneum hydration (Corneometer CM 825),"stratum corneum hydration (Corneometer CM 825), au",wording only,Same content; clearer/more complete wording kept.
PMID:40583043,hydration,risk_of_bias,some concerns: measurement site not stated; only two timepoints; published table error corrected,some concerns – urinary LH only; n=36; measurement site not stated; text/table mismatch,some concerns: measurement site not stated; only two timepoints; published table error corrected,wording only (same RoB level),More complete reason list kept.
PMID:40583043,reactivity,n_total,"81 (36 reproductive, 45 postmenopausal)","81 (36 reproductive-age, 45 postmenopausal)","81 (36 reproductive-age, 45 postmenopausal)",wording only,Same content; clearer/more complete wording kept.
PMID:40583043,reactivity,population,"healthy women 18–65; reproductive group mean age 27.06, regular 25–31 day cycles","healthy women 18–65; cycling group mean 27.06±5.60 y, regular 25–31 day cycles","healthy women 18–65; reproductive group mean age 27.06, regular 25–31 day cycles",wording only,Same content; clearer/more complete wording kept.
PMID:40583043,reactivity,phases_compared,ovulatory vs mid-luteal,ovulatory (within 24 h of urinary LH surge) vs mid-luteal (7 days after ovulation),ovulatory (within 24 h of urinary LH surge) vs mid-luteal (7 days after ovulation),wording only,Same content; clearer/more complete wording kept.
PMID:40583043,reactivity,measure,"self-rated skin sensitivity (Sensitive Scale-10, last 3 days)",self-reported sensitive skin (SS-10),"self-rated skin sensitivity (Sensitive Scale-10, last 3 days)",wording only,Same content; clearer/more complete wording kept.
PMID:40583043,reactivity,main_result,No significant difference: SS-10 10.75 ± 12.47 ovulatory vs 10.00 ± 8.31 mid-luteal (p = 0.601),"SS-10 10.75 ovulatory vs 10.00 mid-luteal, p=0.601",No significant difference: SS-10 10.75 ± 12.47 ovulatory vs 10.00 ± 8.31 mid-luteal (p = 0.601),wording only,Same content; clearer/more complete wording kept.
PMID:40583043,reactivity,risk_of_bias,some concerns: subjective scale; two timepoints,some concerns – urinary LH only; n=36; measurement site not stated; text/table mismatch,some concerns: urinary LH only; n=36; measurement site not stated; text/table mismatch,wording only (same RoB level),More complete reason list kept.
PMID:40583043,reactivity,notes,"Self-reported sensitivity, not an irritant challenge.","Self-rated dryness (3.51 vs 3.52, p=0.962) and itch (1.62 vs 1.86, p=0.378) also unchanged.","Self-rated dryness (3.51 vs 3.52, p=0.962) and itch (1.62 vs 1.86, p=0.378) also unchanged.",wording only,Same content; clearer/more complete wording kept.
PMID:40721762,acne,n_total,285,285 (of 429),285 (of 429),wording only,Same content; clearer/more complete wording kept.
PMID:40721762,acne,population,"female graduate students, regular 21–35 day cycles","female graduate students, mean 24.9 y, regular 21–35 day cycles","female graduate students, mean 24.9 y, regular 21–35 day cycles",wording only,Same content; clearer/more complete wording kept.
PMID:40721762,acne,phases_compared,"premenstrual phase symptoms (PSST, recall)",premenstrual symptoms (PSST) only; no comparison phase,premenstrual symptoms (PSST) only; no comparison phase,wording only,Same content; clearer/more complete wording kept.
PMID:40721762,acne,measure,self-reported premenstrual acne flare-ups (PSST physical symptoms),self-reported premenstrual physical symptoms,self-reported premenstrual acne flare-ups (PSST physical symptoms),wording only,Same content; clearer/more complete wording kept.
PMID:40721762,acne,main_result,40.4% (reported in abstract as 40.35%) of 285 reported premenstrual acne flare-ups,acne flare-ups reported premenstrually by 40.4% (abstract: 40.35%) of 285,40.4% (reported in abstract as 40.35%) of 285 reported premenstrual acne flare-ups,wording only,Same content; clearer/more complete wording kept.
PMID:40721762,acne,risk_of_bias,high: self-report recall; no comparison phase; contraceptive users (4.6%) not excluded,high – self-report recall; 4.6% contraceptive and 13% menstrual-delaying medicine users included,high: self-report recall; 4.6% contraceptive and 13% menstrual-delaying medicine users included,wording only (same RoB level),More complete reason list kept.
PMID:40721762,acne,notes,PMS study; acne only as a listed symptom.,PMS-focused study; acne a secondary item.,PMS study; acne only as a listed symptom.,wording only,Same content; clearer/more complete wording kept.
PMID:40878147,sebum,population,"healthy Chinese women 24–29, regular 26–30 day cycles, no acne","healthy Chinese women 24–29, no acne, self-declared 26–30 day cycles","healthy Chinese women 24–29, no acne, self-declared 26–30 day cycles",wording only,Same content; clearer/more complete wording kept.
PMID:40878147,sebum,phases_compared,"ovulation vs early luteal (all); follicular, ovulation, early luteal, late luteal (high-sebum group)",ovulation vs early luteal (all); plus follicular and late luteal (high-sebum group),"ovulation vs early luteal (all); follicular, ovulation, early luteal, late luteal (high-sebum group)",wording only,Same content; clearer/more complete wording kept.
PMID:40878147,sebum,measure,"Sebutape sebum lipid composition (GC-MS, LC-MS), forehead and cheeks","sebum lipid composition (Sebutape; GC-MS/LC-MS), forehead and cheeks","Sebutape sebum lipid composition (GC-MS, LC-MS), forehead and cheeks",wording only,Same content; clearer/more complete wording kept.
PMID:40878147,sebum,risk_of_bias,some concerns: phase by urinary LH tests but n=19 per group; contraception exclusion not explicit; industry funded (P&G),some concerns – n=19 per group; industry funded (P&G); HC not explicit,some concerns: phase by urinary LH tests but n=19 per group; contraception exclusion not explicit; industry funded (P&G),wording only (same RoB level),More complete reason list kept.
PMID:40878147,sebum,notes,"Composition, not sebum output. Includes SZ95 sebocyte in-vitro arm (not extracted).","Composition, not total output. Urinary ovulation tests used. Epidermal lipids stayed high after ovulation.","Composition, not total output. Urinary ovulation tests used. Epidermal lipids stayed high after ovulation.",wording only,Same content; clearer/more complete wording kept.
PMID:4120962,sebum,country,United Kingdom (England),UK,United Kingdom (England),wording only,Same content; clearer/more complete wording kept.
PMID:4120962,sebum,phases_compared,"weekly measures over 2 cycles, standardised to 28 days, pooled in 4-day periods",seven 4-day periods of a standardised 28-day cycle (8 weekly measurements),"weekly measures over 2 cycles, standardised to 28 days, pooled in 4-day periods",wording only,Same content; clearer/more complete wording kept.
PMID:4120962,sebum,measure,"forehead sebum excretion rate (gravimetric, Strauss & Pochi method)",forehead sebum excretion rate (gravimetric),"forehead sebum excretion rate (gravimetric, Strauss & Pochi method)",wording only,Same content; clearer/more complete wording kept.
PMID:4120962,sebum,main_result,"SER fell from 108.6% (days 1–4) to 89.9% (days 13–16) (P < 0.02), rose to 111.8% at days 17–20 (P < 0.01), then fell premenstrually to 92.0% (P < 0.01)","% of subject mean: 108.6±SE 5.2% (days 1–4) fell to 89.9±4.1% (days 13–16), P<0.02; rose to 111.8±5.1% (days 17–20), P<0.01; fell to 92.0±3.3% premenstrually (days 25–28), P<0.01","% of subject mean: 108.6±SE 5.2% (days 1–4) fell to 89.9±4.1% (days 13–16), P<0.02; rose to 111.8±5.1% (days 17–20), P<0.01; fell to 92.0±3.3% premenstrually (days 25–28), P<0.01",wording only,Same content; clearer/more complete wording kept.
PMID:4120962,sebum,risk_of_bias,high: n=10; ovulation assumed 14 days before menses; variation small relative to method error,high – n=10; ovulation assumed by back-counting; variation small vs method error,high: n=10; ovulation assumed 14 days before menses; variation small relative to method error,wording only (same RoB level),More complete reason list kept.
PMID:4120962,sebum,notes,Only 2 premenstrual measures coincided with acne worse than usual; no SER change in those.,"Nadir just after ovulation, peak early luteal, premenstrual fall. Only 2 measurements when acne worse; SER unchanged.","Nadir just after ovulation, peak early luteal, premenstrual fall. Only 2 measurements when acne worse; SER unchanged.",wording only,Same content; clearer/more complete wording kept.
PMID:42192555,microbiome,n_total,95 (131 recruited),95 analysed (131 recruited),95 analysed (131 recruited),wording only,Same content; clearer/more complete wording kept.
PMID:42192555,microbiome,population,female college students 17–29 with regular or irregular cycles; all mild acne (grade I–II),"female college students 17–29, all mild acne (grade I–II), regular and irregular cycles",female college students 17–29 with regular or irregular cycles; all mild acne (grade I–II),wording only,Same content; clearer/more complete wording kept.
PMID:42192555,microbiome,phases_compared,menstrual vs intermenstrual (x regular vs irregular cycles),menstrual vs intermenstrual,menstrual vs intermenstrual (x regular vs irregular cycles),wording only,Same content; clearer/more complete wording kept.
PMID:42192555,microbiome,measure,"16S rRNA sequencing, right-cheek swab; alpha (Shannon, PD) and beta diversity (unweighted UniFrac)",16S rRNA facial (cheek) microbiota,"16S rRNA sequencing, right-cheek swab; alpha (Shannon, PD) and beta diversity (unweighted UniFrac)",wording only,Same content; clearer/more complete wording kept.
PMID:42192555,microbiome,main_result,"Beta diversity: only Irregular-Menstrual vs Regular-Menstrual differed (R² = 0.0179, p < 0.001); no significant difference between the two regular subgroups (menstrual vs interval) or the two irregular subgroups; alpha diversity Irregular-Menstrual higher than Regular-Interval (p < 0.01)","no significant difference between regular-cycle menstrual and intermenstrual samples; only significant pair Irregular-Menstrual vs Regular-Menstrual (R2=0.0179, p<0.001)","Beta diversity: only Irregular-Menstrual vs Regular-Menstrual differed (R² = 0.0179, p < 0.001); no significant difference between the two regular subgroups (menstrual vs interval) or the two irregular subgroups; alpha diversity Irregular-Menstrual higher than Regular-Interval (p < 0.01)",wording only,Same content; clearer/more complete wording kept.
PMID:42192555,microbiome,notes,Phase effect only within irregular-cycle group; regular cyclers showed no phase difference. Small effect sizes (R² ≈ 0.02).,"Differences driven by irregular-cycle group. Regular-cycle Procrustes M2=0.221, p=0.877.",Phase effect only within irregular-cycle group; regular cyclers showed no phase difference. Small effect sizes (R² ≈ 0.02).,wording only,Same content; clearer/more complete wording kept.
PMID:8674802,sebum,country,not reported (authors: Japan),Japan,not reported (authors: Japan),wording only,Same content; clearer/more complete wording kept.
PMID:8674802,sebum,population,women with and without acne,women with and without acne (methods paper),women with and without acne (methods paper),wording only,Same content; clearer/more complete wording kept.
PMID:8674802,sebum,phases_compared,premenstrual vs menstrual phase,premenstrual vs menstrual phase (women with acne),premenstrual vs menstrual phase (women with acne),wording only,Same content; clearer/more complete wording kept.
PMID:8674802,sebum,measure,skin surface lipids (enzymatic assay),"skin surface lipids by enzymatic assay (glycerol esters, FFAs, cholesterol/esters)","skin surface lipids by enzymatic assay (glycerol esters, FFAs, cholesterol/esters)",wording only,Same content; clearer/more complete wording kept.
PMID:8674802,sebum,main_result,"Women with acne in premenstrual phase had increased glycerol esters, FFAs and cholesterol/esters vs those in menstrual phase","women with acne in premenstrual phase had increased glycerol esters, FFAs and cholesterol/esters vs menstrual phase (numbers not reported)","women with acne in premenstrual phase had increased glycerol esters, FFAs and cholesterol/esters vs menstrual phase (numbers not reported)",wording only,Same content; clearer/more complete wording kept.
PMID:8674802,sebum,risk_of_bias,high: method paper; n and statistics not in abstract; apparently between-subject,high – assay-validation paper; n and statistics not reported; likely between-person,high: assay-validation paper; n and statistics not reported; likely between-person,wording only (same RoB level),More complete reason list kept.
PMID:8674802,sebum,notes,Main aim: validate lipid assay.,Cross-sectional comparison assumed; design not clear from abstract.,Cross-sectional comparison assumed; design not clear from abstract.,wording only,Same content; clearer/more complete wording kept.
PMID:8763424,other,country,not reported (authors: UK),UK,not reported (authors: UK),wording only,Same content; clearer/more complete wording kept.
PMID:8763424,other,population,women with hidradenitis suppurativa,women with hidradenitis suppurativa (8 postmenopausal),women with hidradenitis suppurativa (8 postmenopausal),wording only,Same content; clearer/more complete wording kept.
PMID:8763424,other,phases_compared,premenstrual flare (history),premenstrual vs rest of cycle,premenstrual vs rest of cycle,wording only,Same content; clearer/more complete wording kept.
PMID:8763424,other,measure,history of premenstrual flare of HS,self-reported premenstrual flare of HS,self-reported premenstrual flare of HS,wording only,Same content; clearer/more complete wording kept.
PMID:8763424,other,main_result,Premenstrual flare reported by 32 women,premenstrual flare reported by 32 women; not related to menstrual disturbances,premenstrual flare reported by 32 women; not related to menstrual disturbances,wording only,Same content; clearer/more complete wording kept.
PMID:8763424,other,risk_of_bias,high: history; denominator for flare not stated; disease population,high – HS patients; self-report; not a skincare outcome,high: history; denominator for flare not stated; disease population,wording only (same RoB level),More complete reason list kept.
PMID:8763424,other,notes,"Hidradenitis suppurativa, not facial skin.",Denominator includes some postmenopausal women.,Denominator includes some postmenopausal women.,wording only,Same content; clearer/more complete wording kept.
